Workbook

Sheet 미입금(휴먼)
D1: 합계금액 | E1: 공급가액 | F1: 세액
C2: 합계 | D2: =SUM(D5:D1126) -> 27002375 | E2: =SUM(E5:E1126) -> 25000770 | F2: =SUM(F5:F1126) -> 2001605
B3: 업체 미입금내역(휴먼)
B4: 작성일자 | C4: 상호 | D4: 합계금액 | E4: 공급가액 | F4: 세액 | G4: 품목비고
A5: =ROW(A5)-4 -> 1 | B5: 46096 | C5: (주)삼구아이앤씨 | D5: 16467275 | E5: 14970250 | F5: 1497025 | G5: 일용비 (소노벨-룸메이드)
A6: =ROW(A6)-4 -> 2 | B6: 46096 | C6: (주)삼구아이앤씨 | D6: 5550380 | E6: 5045800 | F6: 504580 | G6: 일용비 (소노캄-룸메이드)
A7: =ROW(A7)-4 -> 3 | B7: 46101 | C7: 완도군내LH1단지아파트관리사무소 | D7: 4984720 | E7: 4984720 | F7: 0 | G7: 03월 경비용역비

Sheet 매출(휴먼)
A1: 주식회사 휴먼엠에스 | I1: 공급가액합계 | J1: =SUM(D4:D314) -> 978891830 | K1: =SUM(D315:D885) -> 2238896840 | L1: =SUM(D886:D1358) -> 2400598440 | M1: =SUM(D1359:D1684) -> 2412642418 | N1: =SUM(D1685:D2109) -> 3186033695 | O1: =SUM(D2110:D2732) -> 4952107244 | P1: =SUM(D2733:D3375) -> 4127550188 | Q1: =SUM(D3376:D3961) -> 5324478103 | R1: =SUM(D3962:D4237) -> 3563807712 | S1: =SUM(D4238:D4441) -> 645778498
I2: 세액합계 | J2: =SUM(E4:E314) -> 97889176 | K2: =SUM(E315:E885) -> 223889682 | L2: =SUM(E886:E1358) -> 240059844 | M2: =SUM(E1359:E1684) -> 241264240 | N2: =SUM(E1685:E2109) -> 318603368 | O2: =SUM(E2110:E2732) -> 495210738 | P2: =SUM(E2733:E3375) -> 4.0184248e+08 | Q2: =SUM(E3376:E3961) -> 493523666 | R2: =SUM(E3962:E4237) -> 338738423 | S2: =SUM(E4238:E4441) -> 63082955
A3: 작성일자 | B3: 상호 | C3: 합계금액 | D3: 공급가액 | E3: 세액 | F3: 비고 | G3: 입금일 | J3: 2017년 | K3: 2018년 | L3: 2019년 | M3: 2020년 | N3: 2021년 | O3: 2022년 | P3: 2023년 | Q3: 2024년 | R3: 2025년 | S3: 2026년
A4: 2017-04-10 | B4: 미성엠프로 주식회사 | C4: -18271000 | D4: -16610000 | E4: -1661000 | F4: 시흥(4/2~4/6) | G4: 취소전표
A5: 2017-04-10 | B5: 미성엠프로 주식회사 | C5: -17611000 | D5: -16010000 | E5: -1601000 | F5: (시흥-4/7~4/8) | G5: 취소전표
A6: 2017-04-10 | B6: 미성엠프로 주식회사 | C6: 17611000 | D6: 16010000 | E6: 1601000 | F6: (시흥-4/7~4/8) | G6: 취소전표
A7: 2017-04-10 | B7: 미성엠프로 주식회사 | C7: 18271000 | D7: 16610000 | E7: 1661000 | F7: 시흥(4/2~4/6) | G7: 취소전표
A8: 2017-04-05 | B8: 미성엠프로 주식회사 | C8: =SUM(D8:E8) -> 8767000 | D8: 7970000 | E8: 797000 | G8: 42831
A9: 2017-04-10 | B9: 미성엠프로 주식회사 | C9: =SUM(D9:E9) -> 17127000 | D9: 15570000 | E9: 1557000 | F9: (시흥-4/7~4/8) | G9: 42836
A10: 2017-04-10 | B10: 미성엠프로 주식회사 | C10: =SUM(D10:E10) -> 17853000 | D10: 16230000 | E10: 1623000 | F10: (시흥-4/2~4/6) | G10: 42836
A11: 2017-04-12 | B11: 미성엠프로 주식회사 | C11: =SUM(D11:E11) -> 10351000 | D11: 9410000 | E11: 941000 | F11: 시흥(4/09~4/10) | G11: 42839
A12: 2017-04-17 | B12: 미성엠프로 주식회사 | C12: =SUM(D12:E12) -> 7623000 | D12: 6930000 | E12: 693000 | F12: (시흥-4/11~4/12) | G12: 42842
A13: 2017-04-17 | B13: 미성엠프로 주식회사 | C13: =SUM(D13:E13) -> 6336000 | D13: 5760000 | E13: 576000 | F13: (시흥-4/13~4/14) | G13: 42842
A14: 2017-04-18 | B14: 미성엠프로 주식회사 | C14: =SUM(D14:E14) -> 18018000 | D14: 16380000 | E14: 1638000 | F14: (시흥-4/15~4/16) | G14: 42844
A15: 2017-04-20 | B15: 가오프로젝트(G.A.O PROJECT) | C15: =SUM(D15:E15) -> 32599600 | D15: 29636000 | E15: 2963600 | G15: 42845
A16: 2017-04-21 | B16: 주식회사 프레임컴퍼니 | C16: =SUM(D16:E16) -> 6105000 | D16: 5550000 | E16: 555000 | G16: 42853
A17: 2017-04-24 | B17: 미성엠프로 주식회사 | C17: =SUM(D17:E17) -> 15356000 | D17: 13960000 | E17: 1396000 | F17: (시흥-4/22~4/23) | G17: 42853
A18: 2017-04-24 | B18: 미성엠프로 주식회사 | C18: =SUM(D18:E18) -> 3960000 | D18: 3600000 | E18: 360000 | F18: (시흥-4/17~4/21) | G18: 42867
A19: 2017-04-30 | B19: (주)씨엔에스자산관리 | C19: =SUM(D19:E19) -> 16500000 | D19: 15000000 | E19: 1500000 | G19: 42874 | I19: 4월
A20: 2017-04-30 | B20: 미성엠프로 주식회사 | C20: =SUM(D20:E20) -> 3960000 | D20: 3600000 | E20: 360000 | F20: (시흥-4/24~4/28) | G20: 42853 | I20: 합계 | J20: 공급 | K20: 세액
A21: 2017-04-30 | B21: 미성엠프로 주식회사 | C21: =SUM(D21:E21) -> 12188000 | D21: 11080000 | E21: 1108000 | F21: (시흥-4/29~4/30) | G21: 42867 | I21: =SUM(C4:C21) -> 176743600 | J21: =SUM(D4:D21) -> 160676000 | K21: =SUM(E4:E21) -> 16067600
A22: 2017-05-04 | B22: 미성엠프로 주식회사 | C22: -6336000 | D22: -5760000 | E22: -576000 | F22: (시흥-5/1~5/2) | G22: 취소전표
A23: 2017-05-04 | B23: 미성엠프로 주식회사 | C23: 6336000 | D23: 5760000 | E23: 576000 | F23: (시흥-5/1~5/2) | G23: 취소전표
A24: 2017-05-04 | B24: 미성엠프로 주식회사 | C24: =SUM(D24:E24) -> 6556000 | D24: 5960000 | E24: 596000 | F24: (시흥 5/01~5/02) | G24: 42866
A25: 2017-05-08 | B25: 미성엠프로 주식회사 | C25: =SUM(D25:E25) -> 28468000 | D25: 25880000 | E25: 2588000 | F25: (시흥-5/03~5/07) | G25: 42866
A26: 2017-05-10 | B26: (주)씨엔에스자산관리 | C26: =SUM(D26:E26) -> 31240000 | D26: 28400000 | E26: 2840000 | F26: (송도 5/01~5/09) | G26: 42881
A27: 2017-05-10 | B27: 미성엠프로 주식회사 | C27: =SUM(D27:E27) -> 9460000 | D27: 8600000 | E27: 860000 | F27: (시흥 5/08~5/09) | G27: 42867
A28: 2017-05-17 | B28: 미성엠프로 주식회사 | C28: =SUM(D28:E28) -> 12540000 | D28: 11400000 | E28: 1140000 | F28: (시흥-5/13~5/14) | G28: 42877
A29: 2017-05-17 | B29: 미성엠프로 주식회사 | C29: =SUM(D29:E29) -> 2640000 | D29: 2400000 | E29: 240000 | F29: (시흥-5/10~5/12) | G29: 42877
A30: 2017-05-24 | B30: 미성엠프로 주식회사 | C30: =SUM(D30:E30) -> 11396000 | D30: 10360000 | E30: 1036000 | F30: (시흥-5/20~5/21) | G30: 42895 | I30: 5월
A31: 2017-05-25 | B31: (주)씨엔에스자산관리 | C31: =SUM(D31:E31) -> 12573000 | D31: 11430000 | E31: 1143000 | F31: (송도-5/10~5/21) | G31: 42898 | I31: 합계 | J31: 공급 | K31: 세액
A32: 42886 | B32: 미성엠프로 주식회사 | C32: 11264000 | D32: 10240000 | E32: 1024000 | F32: (시흥-5/27~5/28) | G32: 42895 | I32: =SUM(C22:C32) -> 126137000 | J32: =SUM(D22:D32) -> 114670000 | K32: =SUM(E22:E32) -> 11467000
A33: 2017-06-04 | B33: 미성엠프로 주식회사 | C33: 11665500 | D33: 10605000 | E33: 1060500 | F33: (시흥-6/03~6/04) | G33: 42916
A34: 2017-06-04 | B34: 미성엠프로 주식회사 | C34: 11671000 | D34: 10610000 | E34: 1061000 | F34: (시흥-6/03~6/04) | G34: 취소전표
A35: 2017-06-09 | B35: (주)씨엔에스자산관리 | C35: -3168000 | D35: -2880000 | E35: -288000 | F35: 인천-5/27~6/04 | G35: 취소전표
A36: 2017-06-09 | B36: (주)씨엔에스자산관리 | C36: 3168000 | D36: 2880000 | E36: 288000 | F36: 인천-5/27~6/04 | G36: 취소전표 | I36: 6월
A37: 2017-06-26 | B37: 미성엠프로 주식회사 | C37: -11671000 | D37: -10610000 | E37: -1061000 | F37: (시흥-6/03~6/04) | G37: 취소전표 | I37: 합계 | J37: 공급 | K37: 세액
A38: 2017-06-30 | B38: 미성엠프로 주식회사 | C38: 12320000 | D38: 11200000 | E38: 1120000 | F38: 일용비(삼성서울병원) | G38: 42927 | I38: =SUM(C33:C38) -> 23985500 | J38: =SUM(D33:D38) -> 21805000 | K38: =SUM(E33:E38) -> 2180500
A39: 2017-07-01 | B39: (주)씨엔에스자산관리 | C39: 3168000 | D39: 2880000 | E39: 288000 | F39: 인천-5/27~6/04 | G39: 취소전표(7/1)
A40: 2017-07-12 | B40: (주)씨엔에스자산관리 | C40: 4752000 | D40: 4320000 | E40: 432000 | F40: (6/10~7/02) | G40: 42942
A41: 2017-07-17 | B41: (주)씨엔에스자산관리 | C41: 2079000 | D41: 1890000 | E41: 189000 | F41: (7/08~7/16) | G41: 42948
A42: 2017-07-24 | B42: (주)씨엔에스자산관리 | C42: 1980000 | D42: 1800000 | E42: 180000 | F42: (7/22~7/23) | G42: 42948
A43: 2017-07-31 | B43: 미성엠프로 주식회사 | C43: 14520000 | D43: 13200000 | E43: 1320000 | F43: 일용비(서울삼성병원) | G43: 42972
A44: 2017-07-31 | B44: 미성엠프로 주식회사 | C44: -14531000 | D44: -13210000 | E44: -1321000 | F44: 일용비(서울삼성병원) | G44: 취소전표
A45: 2017-07-31 | B45: 미성엠프로 주식회사 | C45: 4785000 | D45: 4350000 | E45: 435000 | F45: 일용비(예술의전당) | G45: 42972
A46: 2017-07-31 | B46: 미성엠프로 주식회사 | C46: 3135000 | D46: 2850000 | E46: 285000 | F46: 일용비(분당서울대병원) | G46: 42972
A47: 2017-07-31 | B47: 미성엠프로 주식회사 | C47: 4312000 | D47: 3920000 | E47: 392000 | F47: 일용비(강북삼성병원) | G47: 42972
A48: 2017-07-31 | B48: 미성엠프로 주식회사 | C48: 14531000 | D48: 13210000 | E48: 1321000 | F48: 일용비(서울삼성병원) | G48: 취소전표 | I48: 7월
A49: 2017-07-31 | B49: 미성엠프로 주식회사 | C49: 726000 | D49: 660000 | E49: 66000 | F49: 일용비(한진빌딩) | G49: 42972 | I49: 합계 | J49: 공급 | K49: 세액
A50: 2017-07-31 | B50: (주)씨엔에스자산관리 | C50: 1980000 | D50: 1800000 | E50: 180000 | F50: (7/29~7/30) | G50: 42956 | I50: =SUM(C39:C50) -> 41437000 | J50: =SUM(D39:D50) -> 37670000 | K50: =SUM(E39:E50) -> 3767000
A51: 2017-08-07 | B51: 씨제이이앤엠 주식회사 | C51: 8470000 | D51: 7700000 | E51: 770000 | F51: 워너원 쇼케이스(고척돔) | G51: 42989
A52: 2017-08-07 | B52: (주)씨엔에스자산관리 | C52: 1980000 | D52: 1800000 | E52: 180000 | F52: 8/06~8/06 | G52: 42965
A53: 2017-08-08 | B53: (주)한성앰에스 | C53: 440000 | D53: 400000 | E53: 40000 | F53: 일용비(센터마크호텔) | G53: 42956
A54: 2017-08-08 | B54: (주)한성앰에스 | C54: 1760000 | D54: 1600000 | E54: 160000 | F54: 일용비(티마크호텔) | G54: 42956
A55: 2017-08-08 | B55: (주)한성앰에스 | C55: 880000 | D55: 800000 | E55: 80000 | F55: 일용비(코트야드호텔) | G55: 42956
A56: 2017-08-08 | B56: (주)한성앰에스 | C56: 1584000 | D56: 1440000 | E56: 144000 | F56: 일용비 | G56: 42957
A57: 2017-08-09 | B57: (주)한성앰에스 | C57: 792000 | D57: 720000 | E57: 72000 | F57: 일용비(jw메리어트호텔) | G57: 42957
A58: 2017-08-16 | B58: (주)한성앰에스 | C58: 704000 | D58: 640000 | E58: 64000 | F58: 일용비(JW메리어트호텔) | G58: 42965
A59: 2017-08-16 | B59: (주)한성앰에스 | C59: 968000 | D59: 880000 | E59: 88000 | F59: 일용비(티마크호텔) | G59: 42964
A60: 2017-08-16 | B60: (주)한성앰에스 | C60: 1320000 | D60: 1200000 | E60: 120000 | F60: 일용비(코트야드호텔) | G60: 42964
A61: 2017-08-16 | B61: (주)한성앰에스 | C61: 1232000 | D61: 1120000 | E61: 112000 | F61: 일용비(머큐어호텔) | G61: 42965
A62: 2017-08-16 | B62: (주)씨엔에스자산관리 | C62: 1320000 | D62: 1200000 | E62: 120000 | F62: 8/12~8/13 | G62: 42970
A63: 2017-08-17 | B63: (주)씨엔에스자산관리 | C63: 3168000 | D63: 2880000 | E63: 288000 | F63: 5/27~6/04 | G63: 취소전표
A64: 2017-08-17 | B64: (주)씨엔에스자산관리 | C64: -3168000 | D64: -2880000 | E64: -288000 | F64: 인천-5/27~6/04 | G64: 취소전표(7/1)
A65: 2017-08-18 | B65: (주)씨엔에스자산관리 | C65: 3168000 | D65: 2880000 | E65: 288000 | F65: 인천-5/27~6/04 | G65: 42970
A66: 2017-08-18 | B66: (주)씨엔에스자산관리 | C66: -3168000 | D66: -2880000 | E66: -288000 | F66: 인천-5/27~6/04 | G66: 취소전표
A67: 2017-08-21 | B67: (주)한성앰에스 | C67: 616000 | D67: 560000 | E67: 56000 | F67: 일용비(JW메리어트호텔) | G67: 42969
A68: 2017-08-21 | B68: (주)한성앰에스 | C68: 880000 | D68: 800000 | E68: 80000 | F68: 일용비(코트야드호텔) | G68: 42969
A69: 2017-08-21 | B69: (주)한성앰에스 | C69: 616000 | D69: 560000 | E69: 56000 | F69: 일용비(티마크호텔) | G69: 42969
A70: 2017-08-21 | B70: (주)한성앰에스 | C70: 1408000 | D70: 1280000 | E70: 128000 | F70: 일용비(머큐어호텔) | G70: 42975
A71: 2017-08-23 | B71: (주)씨엔에스자산관리 | C71: 1320000 | D71: 1200000 | E71: 120000 | F71: 8/19~8/20 | G71: 42979
A72: 2017-08-24 | B72: 주식회사 프레임컴퍼니 | C72: 2024000 | D72: 1840000 | E72: 184000 | F72: 일용비 | G72: 42972
A73: 2017-08-28 | B73: (주)한성앰에스 | C73: 528000 | D73: 480000 | E73: 48000 | F73: 일용비(코트야드호텔) | G73: 42976
A74: 2017-08-28 | B74: (주)한성앰에스 | C74: 880000 | D74: 800000 | E74: 80000 | F74: 일용비(티마크호텔) | G74: 42976
A75: 2017-08-28 | B75: (주)씨엔에스자산관리 | C75: 1320000 | D75: 1200000 | E75: 120000 | F75: 8/26~8/27 | G75: 42991
A76: 2017-08-28 | B76: (주)한성앰에스 | C76: 1408000 | D76: 1280000 | E76: 128000 | F76: 일용비(머큐어호텔) | G76: 42977
A77: 2017-08-31 | B77: 미성엠프로 주식회사 | C77: 2871000 | D77: 2610000 | E77: 261000 | F77: 일용비(예술의전당) | G77: 42993
A78: 2017-08-31 | B78: 미성엠프로 주식회사 | C78: 2893000 | D78: 2630000 | E78: 263000 | F78: 일용비(예술의전당) | G78: 취소전표
A79: 2017-08-31 | B79: 미성엠프로 주식회사 | C79: 16104000 | D79: 14640000 | E79: 1464000 | F79: 일용비(서울삼성병원) | G79: 42993
A80: 2017-08-31 | B80: 미성엠프로 주식회사 | C80: 4048000 | D80: 3680000 | E80: 368000 | F80: 일용비(강북삼성병원) | G80: 42993
A81: 2017-08-31 | B81: 미성엠프로 주식회사 | C81: 1815000 | D81: 1650000 | E81: 165000 | F81: 일용비(분당서울대병원) | G81: 42993 | I81: 8월
A82: 2017-08-31 | B82: 미성엠프로 주식회사 | C82: 1573000 | D82: 1430000 | E82: 143000 | F82: 일용비(한진빌딩) | G82: 42993 | I82: 합계 | J82: 공급 | K82: 세액
A83: 2017-08-31 | B83: (주)한성앰에스 | C83: 7206430 | D83: 6551300 | E83: 655130 | F83: 일용비(머큐어호텔) | G83: 42984 | I83: =SUM(C51:C83) -> 68960430 | J83: =SUM(D51:D83) -> 62691300 | K83: =SUM(E51:E83) -> 6269130
A84: 2017-09-04 | B84: (주)한성앰에스 | C84: 616000 | D84: 560000 | E84: 56000 | F84: 일용비(센터마크호텔) | G84: 42984
A85: 2017-09-04 | B85: (주)한성앰에스 | C85: 1034000 | D85: 940000 | E85: 94000 | F85: 일용비(코트야드호텔) | G85: 42984
A86: 2017-09-04 | B86: (주)한성앰에스 | C86: 3201000 | D86: 2910000 | E86: 291000 | F86: 일용비(티마크호텔) | G86: 42984
A87: 2017-09-04 | B87: (주)한성앰에스 | C87: 704000 | D87: 640000 | E87: 64000 | F87: 일용비(JW메리어트호텔) | G87: 42985
A88: 2017-09-04 | B88: (주)한성앰에스 | C88: 1848000 | D88: 1680000 | E88: 168000 | F88: 일용비(머큐어호텔) | G88: 42984
A89: 2017-09-05 | B89: (주)씨엔에스자산관리 | C89: -1980000 | D89: -1800000 | E89: -180000 | F89: 9/02~9/03 | G89: 취소전표
A90: 2017-09-05 | B90: (주)씨엔에스자산관리 | C90: 1980000 | D90: 1800000 | E90: 180000 | F90: 9/02~9/03 | G90: 취소전표
A91: 2017-09-06 | B91: 미성엠프로 주식회사 | C91: -2893000 | D91: -2630000 | E91: -263000 | F91: 일용비(예술의전당) | G91: 취소전표
A92: 2017-09-11 | B92: (주)한성앰에스 | C92: 880000 | D92: 800000 | E92: 80000 | F92: 일용비(머큐어호텔) | G92: 42991
A93: 2017-09-12 | B93: (주)한성앰에스 | C93: 792000 | D93: 720000 | E93: 72000 | F93: 일용비(코트야드호텔) | G93: 42990
A94: 2017-09-12 | B94: (주)한성앰에스 | C94: 1760000 | D94: 1600000 | E94: 160000 | F94: 일용비(티마크호텔) | G94: 42990
A95: 2017-09-12 | B95: (주)한성앰에스 | C95: 528000 | D95: 480000 | E95: 48000 | F95: 일용비(JW메리어트호텔) | G95: 42993
A96: 2017-09-12 | B96: (주)알앤지서비스 | C96: 1639000 | D96: 1490000 | E96: 149000 | F96: 9/06~9/10 | G96: 42991
A97: 2017-09-15 | B97: (주)씨엔에스자산관리 | C97: 3300000 | D97: 3000000 | E97: 300000 | F97: 9/2~9/10 | G97: 43005
A98: 2017-09-18 | B98: (주)한성앰에스 | C98: 528000 | D98: 480000 | E98: 48000 | F98: 일용비(코트야드호텔) | G98: 42996
A99: 2017-09-18 | B99: (주)한성앰에스 | C99: 2376000 | D99: 2160000 | E99: 216000 | F99: 일용비(티마크호텔) | G99: 42996
A100: 2017-09-18 | B100: (주)한성앰에스 | C100: 1232000 | D100: 1120000 | E100: 112000 | F100: 일용비(머큐어호텔) | G100: 42998
...

Sheet 매입계산서(휴먼)
C1: 합계금액 | D1: 공급가액 | E1: 세액
B2: 휴먼합계 | C2: =SUM(C6:C10036) -> 6613794228 | D2: =SUM(D6:D10036) -> 6013318316 | E2: =SUM(E6:E10036) -> 600475912
A3: 매입계산서
A4: 주식회사 휴먼엠에스
A5: 작성일자 | B5: 상호 | C5: 합계금액 | D5: 공급가액 | E5: 세액 | F5: 품목비고
A6: 2017-03-15 | B6: (주)아마존카 | C6: 251200 | D6: 228364 | E6: 22836 | F6: 승계수수료
A7: 2017-03-27 | B7: (주)아마존카 | C7: -79317 | D7: -72107 | E7: -7210 | F7: 37회차 대여료
A8: 2017-03-27 | B8: (주)아마존카 | C8: 295650 | D8: 268773 | E8: 26877 | F8: 37회차 대여료
A9: 2017-04-06 | B9: 초월피복 | C9: 1064800 | D9: 968000 | E9: 96800 | F9: 안전모 안전조끼
A10: 2017-04-10 | B10: 초월피복 | C10: 193600 | D10: 176000 | E10: 17600 | F10: 안전모
A11: 2017-04-10 | B11: 초월피복 | C11: 985600 | D11: 896000 | E11: 89600 | F11: 안전모
A12: 2017-04-10 | B12: 초월피복 | C12: -1064800 | D12: -968000 | E12: -96800 | F12: 안전모 안전조끼
A13: 2017-04-10 | B13: （주）아웃소싱화인 | C13: 11880000 | D13: 10800000 | E13: 1080000 | F13: 외주용역비
A14: 2017-04-11 | B14: （주）아웃소싱화인 | C14: 825000 | D14: 750000 | E14: 75000 | F14: 외주용역비
A15: 2017-04-15 | B15: (주)아마존카 | C15: 282847 | D15: 257134 | E15: 25713 | F15: 38회차 대여료
A16: 2017-04-24 | B16: (주) 어배인 | C16: 7832000 | D16: 7120000 | E16: 712000
A17: 2017-05-15 | B17: (주)아마존카 | C17: 446600 | D17: 406000 | E17: 40600 | F17: 39회차 대여료
A18: 2017-06-15 | B18: (주)아마존카 | C18: 446600 | D18: 406000 | E18: 40600 | F18: 40회차 대여료
A19: 2017-06-30 | B19: 법무법인 정론 서초분사무소 | C19: 111000 | D19: 100910 | E19: 10090 | F19: 수수료
A20: 2017-07-15 | B20: (주)아마존카 | C20: 446600 | D20: 406000 | E20: 40600 | F20: 41회차 대여료
A21: 2017-08-15 | B21: (주)아마존카 | C21: 446600 | D21: 406000 | E21: 40600 | F21: 42회차 대여료
A22: 2017-09-15 | B22: (주)아마존카 | C22: 446600 | D22: 406000 | E22: 40600 | F22: 43회차 대여료
A23: 2017-09-28 | B23: 잡코리아 유한책임회사 | C23: 12100 | D23: 11000 | E23: 1100 | F23: 알바몬 유료 서비스
A24: 2017-09-29 | B24: 잡코리아 유한책임회사 | C24: 162400 | D24: 147636 | E24: 14764 | F24: 알바몬 유료 서비스
A25: 2017-10-15 | B25: (주)아마존카 | C25: 446600 | D25: 406000 | E25: 40600 | F25: 44회차 대여료
A26: 2017-10-17 | B26: 잡코리아 유한책임회사 | C26: 338000 | D26: 307273 | E26: 30727 | F26: 알바몬 유료 서비스
A27: 2017-10-18 | B27: 잡코리아 유한책임회사 | C27: 162400 | D27: 147636 | E27: 14764 | F27: 알바몬 유료 서비스
A28: 2017-11-15 | B28: (주)아마존카 | C28: 446600 | D28: 406000 | E28: 40600 | F28: 45회차 대여료
A29: 2017-11-30 | B29: S.O.M 서비스(ShareOne'sMan services) | C29: 22000000 | D29: 20000000 | E29: 2000000 | F29: 일용비
A30: 2017-12-15 | B30: (주)아마존카 | C30: 446600 | D30: 406000 | E30: 40600 | F30: 46회차 대여료 | G30: 2017년
A31: 2017-12-20 | B31: 잡코리아 유한책임회사 | C31: -217000 | D31: -197273 | E31: -19727 | F31: [알바몬] 유료서비스 | G31: 합계금액 | H31: 공급가액 | I31: 세액
A32: 2017-12-20 | B32: 잡코리아 유한책임회사 | C32: -78200 | D32: -71091 | E32: -7109 | F32: [알바몬] 유료서비스 | G32: =SUM(C6:C32) -> 48530080 | H32: =SUM(D6:D32) -> 44118255 | I32: =SUM(E6:E32) -> 4411825
A33: 2018-01-11 | B33: 조은커뮤니케이션 | C33: 27500 | D33: 25000 | E33: 2500 | F33: 프린터임대료
A34: 2018-01-15 | B34: (주)아마존카 | C34: 446600 | D34: 406000 | E34: 40600 | F34: 47회차 대여료
A35: 2018-02-06 | B35: 성주이씨판윤공종회（가든타워 지점） | C35: 550000 | D35: 500000 | E35: 50000 | F35: 임대료
A36: 2018-02-11 | B36: 조은커뮤니케이션 | C36: 27500 | D36: 25000 | E36: 2500 | F36: 프린터임대료
A37: 2018-02-12 | B37: (주)코스콤 | C37: 55000 | D37: 50000 | E37: 5000 | F37: 공인인증서발급
A38: 2018-02-15 | B38: (주)아마존카 | C38: 446600 | D38: 406000 | E38: 40600 | F38: 48회차 대여료
A39: 2018-03-06 | B39: 성주이씨판윤공종회（가든타워 지점） | C39: 550000 | D39: 500000 | E39: 50000 | F39: 임대료
A40: 2018-03-09 | B40: 피씨엔진 | C40: 660000 | D40: 600000 | E40: 60000 | F40: 중고 모니터, PC
A41: 2018-03-12 | B41: 조은커뮤니케이션 | C41: 27500 | D41: 25000 | E41: 2500 | F41: 프린터임대료
A42: 2018-03-27 | B42: (주)아마존카 | C42: 610353 | D42: 554866 | E42: 55487 | F42: 49회차 대여료
A43: 2018-03-28 | B43: 하랑엠에스 | C43: 10000 | D43: 9091 | E43: 909 | F43: 일용비
A44: 2018-04-06 | B44: 성주이씨판윤공종회（가든타워 지점） | C44: 550000 | D44: 500000 | E44: 50000 | F44: 임대료
... A46: 2018-04-15 | B46: (주)아마존카 | C46: 247000 | D46: 224545 | E46: 22455 | F46: 50회차 대여료
A47: 43207 | B47: 잡코리아 유한책임회사 | C47: 7700 | D47: 7000 | E47: 700 | F47: 알바몬 유료 서비스
A48: 43216 | B48: 잡코리아 유한책임회사 | C48: 7700 | D48: 7000 | E48: 700 | F48: 알바몬 유료 서비스
A49: 43218 | B49: (주)미디어윌네트웍스 | C49: 11000 | D49: 10000 | E49: 1000 | F49: 구인광고
A50: 2018-04-30 | B50: 하랑엠에스 | C50: 5500000 | D50: 5000000 | E50: 500000 | F50: 일용비
A51: 2018-04-30 | B51: 하랑엠에스 | C51: 33000000 | D51: 30000000 | E51: 3000000 | F51: 일용비
A52: 2018-05-11 | B52: 조은커뮤니케이션 | C52: 27500 | D52: 25000 | E52: 2500 | F52: 프린터임대료
A53: 2018-05-12 | B53: 잡코리아 유한책임회사 | C53: 7700 | D53: 7000 | E53: 700 | F53: 알바몬 유료 서비스
A54: 2018-05-13 | B54: 잡코리아 유한책임회사 | C54: 12100 | D54: 11000 | E54: 1100 | F54: 알바몬 유료 서비스
A55: 2018-05-15 | B55: (주)아마존카 | C55: 390000 | D55: 354545 | E55: 35455 | F55: 51회차 대여료
A56: 2018-05-24 | B56: (주)미디어윌네트웍스 | C56: 12100 | D56: 11000 | E56: 1100 | F56: 구인광고
A57: 2018-05-31 | B57: S.O.M 서비스(ShareOne'sMan services) | C57: 6600000 | D57: 6000000 | E57: 600000 | F57: 일용비
A58: 2018-05-31 | B58: 하랑엠에스 | C58: 4950000 | D58: 4500000 | E58: 450000 | F58: 일용비
A59: 2018-06-01 | B59: 성주이씨판윤공종회（가든타워 지점） | C59: 550000 | D59: 500000 | E59: 50000 | F59: 임대료
A60: 2018-06-06 | B60: 성주이씨판윤공종회（가든타워 지점） | C60: 550000 | D60: 500000 | E60: 50000 | F60: 임대료
A61: 2018-06-11 | B61: 조은커뮤니케이션 | C61: 27500 | D61: 25000 | E61: 2500 | F61: 프린터임대료
... A88: 2018-12-06 | B88: 성주이씨판윤공종회（가든타워 지점） | C88: 550000 | D88: 500000 | E88: 50000 | F88: 임대료
A89: 2018-12-11 | B89: 조은커뮤니케이션 | C89: 27500 | D89: 25000 | E89: 2500 | F89: 프린터임대료 | G89: 2018년
A90: 2018-12-15 | B90: (주)아마존카 | C90: 390000 | D90: 354545 | E90: 35455 | F90: 58회차 대여료 | G90: 합계금액 | H90: 공급가액 | I90: 세액
A91: 2018-12-31 | B91: 홍익세무회계사무소 | C91: 220000 | D91: 200000 | E91: 20000 | F91: 기장료 | G91: =SUM(C33:C91) -> 190637962 | H91: =SUM(D33:D91) -> 173307234 | I91: =SUM(E33:E91) -> 17330728
A92: 2019-01-02 | B92: 하나캐피탈(주) | C92: 349030 | D92: 317300 | E92: 31730 | F92: 렌터카 대여료( 23호7475 )
A93: 2019-01-11 | B93: 조은커뮤니케이션 | C93: 27500 | D93: 25000 | E93: 2500 | F93: 프린터임대료
A94: 2019-01-15 | B94: (주)아마존카 | C94: 390000 | D94: 354545 | E94: 35455 | F94: 59회차 대여료
A95: 2019-01-31 | B95: 홍익세무회계사무소 | C95: 220000 | D95: 200000 | E95: 20000 | F95: 기장료
A96: 2019-02-01 | B96: 하나캐피탈(주) | C96: 349030 | D96: 317300 | E96: 31730 | F96: 렌터카 대여료( 23호7475 )
A97: 2019-02-06 | B97: 성주이씨판윤공종회（가든타워 지점） | C97: 550000 | D97: 500000 | E97: 50000 | F97: 임대료
A98: 2019-02-11 | B98: 조은커뮤니케이션 | C98: 27500 | D98: 25000 | E98: 2500 | F98: 프린터임대료
A99: 2019-02-11 | B99: 좋은사람들 | C99: -18700000 | D99: -17000000 | E99: -1700000 | F99: 일용비
A100: 2019-02-11 | B100: 좋은사람들 | C100: 18700000 | D100: 17000000 | E100: 1700000 | F100: 일용비
A101: 2019-02-15 | B101: (주)아마존카 | C101: 390000 | D101: 354545 | E101: 35455 | F101: 60회차 대여료
A102: 2019-02-18 | B102: NICE평가정보(주) | C102: 385000 | D102: 350000 | E102: 35000 | F102: 기업신용평가
A103: 2019-02-28 | B103: 홍익세무회계사무소 | C103: 220000 | D103: 200000 | E103: 20000 | F103: 기장료
... A148: 2019-11-01 | B148: 하나캐피탈(주) | C148: 349030 | D148: 317300 | E148: 31730 | F148: 렌터카 대여료( 23호7475 )
A149: 44140 | B149: 월드자동차공업사 | C149: 189200 | D149: 172000 | E149: 17200 | F149: 밧데리교환 | G149: 수기전표
A150: 2019-11-11 | B150: 조은커뮤니케이션 | C150: 27500 | D150: 25000 | E150: 2500 | F150: 프린터임대료
A151: 2019-11-15 | B151: (주)아마존카 | C151: 339900 | D151: 309000 | E151: 30900 | F151: 69회차 대여료
A152: 2019-11-30 | B152: 홍익세무회계사무소 | C152: 220000 | D152: 200000 | E152: 20000 | F152: 기장료
A153: 2019-12-01 | B153: 성주이씨판윤공종회（가든타워 지점） | C153: 550000 | D153: 500000 | E153: 50000 | F153: 임대료
A154: 2019-12-02 | B154: 하나캐피탈(주) | C154: 349030 | D154: 317300 | E154: 31730 | F154: 렌터카 대여료( 23호7475 )
A155: 2019-12-06 | B155: 성주이씨판윤공종회（가든타워 지점） | C155: 550000 | D155: 500000 | E155: 50000 | F155: 임대료
A156: 2019-12-11 | B156: 조은커뮤니케이션 | C156: 27500 | D156: 25000 | E156: 2500 | F156: 프린터임대료
A157: 2019-12-15 | B157: (주)아마존카 | C157: 339900 | D157: 309000 | E157: 30900 | F157: 70회차 대여료 | G157: 2019년
A158: 2019-12-31 | B158: 홍익세무회계사무소 | C158: 220000 | D158: 200000 | E158: 20000 | F158: 기장료 | G158: 합계금액 | H158: 공급가액 | I158: 세액
A159: 2019-12-31 | B159: 주식회사 누리서비스 | C159: 247578000 | D159: 225070909 | E159: 22507091 | F159: 일용비 | G159: =SUM(C92:C159) -> 379422627 | H159: =SUM(D92:D159) -> 344929654 | I159: =SUM(E92:E159) -> 34492973
A160: 2020-01-02 | B160: 하나캐피탈(주) | C160: 349030 | D160: 317300 | E160: 31730 | F160: 렌터카 대여료( 23호7475 )
A161: 2020-01-06 | B161: 성주이씨판윤공종회（가든타워 지점） | C161: 550000 | D161: 500000 | E161: 50000 | F161: 임대료
A162: 2020-01-11 | B162: 조은커뮤니케이션 | C162: 27500 | D162: 25000 | E162: 2500 | F162: 프린터임대료
A163: 2020-01-15 | B163: (주)아마존카 | C163: 339900 | D163: 309000 | E163: 30900 | F163: 71회차 대여료
A164: 2020-01-31 | B164: 홍익세무회계사무소 | C164: 220000 | D164: 200000 | E164: 20000 | F164: 기장료
A165: 2020-01-31 | B165: 주식회사 누리서비스 | C165: 201840120 | D165: 183491019 | E165: 18349101 | F165: 일용비
A166: 2020-02-03 | B166: 하나캐피탈(주) | C166: 349030 | D166: 317300 | E166: 31730 | F166: 렌터카 대여료( 23호7475 )
A167: 2020-02-05 | B167: 법무사 양근형 사무소 | C167: 539000 | D167: 490000 | E167: 49000 | F167: 법무사수수료
A168: 2020-02-06 | B168: 성주이씨판윤공종회（가든타워 지점） | C168: 550000 | D168: 500000 | E168: 50000 | F168: 임대료
A169: 2020-02-10 | B169: 좋은사람들 | C169: -271794380 | D169: -247085800 | E169: -24708580 | F169: 인력공급
A170: 2020-02-10 | B170: 좋은사람들 | C170: 271794380 | D170: 247085800 | E170: 24708580 | F170: 인력공급
A171: 2020-02-11 | B171: 조은커뮤니케이션 | C171: 27500 | D171: 25000 | E171: 2500 | F171: 프린터임대료
...

Sheet ★☆★☆★
A1: 46101
A2: 미입금계산서 | B2: 합계 | C2: 공급 | D2: 세액 | I2: 카드에서 매입금액 + | J2: (-) 가 납부할금액
B3: ='미입금(휴먼)'!D2 -> 27002375 | C3: ='미입금(휴먼)'!E2 -> 25000770 | D3: ='미입금(휴먼)'!F2 -> 2001605 | F3: 부가세 | H3: 매출 | I3: 매입 | J3: 계 (매입-매출) | K3: 매입정정 | L3: 부가세납부금액
F4: 2024년 | G4: 1~12월 | H4: 497534662 | I4: 133127272 | J4: -364471410 | L4: 364471410 | M4: 2024년
B5: 합계 | C5: 공급 | D5: 세액 | F5: 2025년 | G5: 1~3월 | H5: 114878031 | I5: 56719521 | J5: -58158510 | L5: =58158510 -> 58158510
A6: 2024년 | B6: ='매출(휴먼)'!I3961+'매출(휴먼)'!I3902+'매출(휴먼)'!I3846+'매출(휴먼)'!I3805+'매출(휴먼)'!I3754+'매출(휴먼)'!I3709+'매출(휴먼)'!I3664+'매출(휴먼)'!I3615+'매출(휴먼)'!I3567+'매출(휴먼)'!I3521+'매출(휴먼)'!I3472+'매출(휴먼)'!I3426 -> 5818001769 | C6: ='매출(휴먼)'!J3961+'매출(휴먼)'!J3902+'매출(휴먼)'!J3846+'매출(휴먼)'!J3805+'매출(휴먼)'!J3754+'매출(휴먼)'!J3709+'매출(휴먼)'!J3664+'매출(휴먼)'!J3615+'매출(휴먼)'!J3567+'매출(휴먼)'!J3521+'매출(휴먼)'!J3472+'매출(휴먼)'!J3426 -> 5324478103 | D6: ='매출(휴먼)'!K3961+'매출(휴먼)'!K3902+'매출(휴먼)'!K3846+'매출(휴먼)'!K3805+'매출(휴먼)'!K3754+'매출(휴먼)'!K3709+'매출(휴먼)'!K3664+'매출(휴먼)'!K3615+'매출(휴먼)'!K3567+'매출(휴먼)'!K3521+'매출(휴먼)'!K3472+'매출(휴먼)'!K3426 -> 493523666 | G6: 4~6월 | H6: 37373919 | I6: 5261299 | J6: =-32312720-186760-46070-6180 -> -32551730 | L6: =18000000+3490790+10186870 -> 31677660 | M6: 2/27, 3/16, 3/19 | N6: =J6+L6 -> -874070
A7: 2025년 | B7: ='매출(휴먼)'!I4237+'매출(휴먼)'!I4218+'매출(휴먼)'!I4199+'매출(휴먼)'!I4182+'매출(휴먼)'!I4161+'매출(휴먼)'!I4144+'매출(휴먼)'!I4131+'매출(휴먼)'!I4122+'매출(휴먼)'!I4112+'매출(휴먼)'!I4097+'매출(휴먼)'!I4055+'매출(휴먼)'!I4005 -> 3902546135 | C7: ='매출(휴먼)'!J4237+'매출(휴먼)'!J4218+'매출(휴먼)'!J4199+'매출(휴먼)'!J4182+'매출(휴먼)'!J4161+'매출(휴먼)'!J4144+'매출(휴먼)'!J4131+'매출(휴먼)'!J4122+'매출(휴먼)'!J4112+'매출(휴먼)'!J4097+'매출(휴먼)'!J4055+'매출(휴먼)'!J4005 -> 3563807712 | D7: ='매출(휴먼)'!K4237+'매출(휴먼)'!K4218+'매출(휴먼)'!K4199+'매출(휴먼)'!K4182+'매출(휴먼)'!K4161+'매출(휴먼)'!K4144+'매출(휴먼)'!K4131+'매출(휴먼)'!K4122+'매출(휴먼)'!K4112+'매출(휴먼)'!K4097+'매출(휴먼)'!K4055+'매출(휴먼)'!K4005 -> 338738423 | G7: 7~9월 | H7: 92090052 | I7: 65588142 | J7: =-27463940-161840-98260-17340 -> -27741380
A8: 2026년 1월 | B8: ='매출(휴먼)'!I4249 -> 296082731 | C8: ='매출(휴먼)'!J4249 -> 269618612 | D8: ='매출(휴먼)'!K4249 -> 26464119 | G8: 10~12월 | H8: 111898832 | I8: 26720911 | J8: =-85230490-693770 -> -85924260
A9: 2026년 2월 | B9: ='매출(휴먼)'!I4261 -> 306137986 | C9: ='매출(휴먼)'!J4261 -> 278760606 | D9: ='매출(휴먼)'!K4261 -> 27377380 | H9: =SUM(H5:H8) -> 356240834 | I9: =SUM(I5:I8) -> 154289873 | J9: =SUM(J5:J8) -> -204375880 | K9: =SUM(J4:L8) -> -114539710
A10: 2026년 3월 | B10: ='매출(휴먼)'!I4274 -> 106640736 | C10: ='매출(휴먼)'!J4274 -> 97399280 | D10: ='매출(휴먼)'!K4274 -> 9241456 | F10: 2026년 | G10: 1~3월 | H10: ='매출(휴먼)'!K4249+'매출(휴먼)'!K4261+'매출(휴먼)'!K4274 -> 63082955 | I10: =SUM('매입계산서(휴먼)'!E1023:E1113) -> 44796429 | J10: =I10-H10 -> -18286526
A11: 2026년 4월 | G11: 4~6월
A12: 2026년 5월 | G12: 7~9월
A13: 2026년 6월 | G13: 10~12월
A14: 2026년 7월 | H14: =SUM(H10:H13) -> 63082955 | I14: =SUM(I10:I13) -> 44796429 | J14: =SUM(J10:J13) -> -18286526 | K14: =SUM(J10:L13) -> -18286526
A15: 2026년 8월 | H15: 주차포함
A16: 2026년 9월
A17: 2026년 10월 | G17: 미입금계산서합계액(공급+세액) | H17: =B3 -> 27002375
A18: 2026년 11월 | G18: 통장잔고 | H18: ='3월'!J1 -> -39575875
A19: 2026년 12월 | E19: 일용 | F19: 미청구(공급가액) | H19: =SUM(H17:H18) -> -12573500
A20: ** 수기작성 ** | B20: 인건비지급액 | C20: 차액(청구-지급) | F20: 64118000 | G20: 미청구액 | H20: =(F20+F21)*1.1 -> 70529800 | I20: 미청구공급가+10%
A21: 1월 | B21: =SUM(B66:C66) -> 247411052 | C21: =F66-B21 -> 22798641 | G21: 부가세 | H21: =SUM(K9+K14) -> -132826236
A22: 2월 | B22: =SUM(B67:C67) -> 251919726 | C22: =F67-B22 -> 26840880 | H22: =SUM(H19:H21) -> -74869936
A23: 3월 | B23: =SUM(B68:C68) -> 128598560 | C23: =F68+F20-B23 -> 42160176
B25: 이익금 | F25: 신고
B26: 인건비 | C26: 대체 (강남세브,용인세브,연세의료원,피앤케이) | D26: 차액 | F26: 매출(공급가액) | G26: 매입(신고+매입공급+급여) | H26: 매출-매입 | I26: 이상이익율(7%) | K26: 신고금액 | L26: 매입금액 | M26: 직원급여
A27: 2023년 1월 | B27: =#REF! -> #REF! | C27: =#REF!+#REF!+#REF! -> #REF! | D27: =F27-(B27+C27) -> #REF! | F27: ='매출(휴먼)'!J2784 -> 305389386 | G27: =SUM(K27:M27) -> #REF! | H27: =F27-G27 -> #REF! | I27: =F27*7% -> 21377257 | J27: =H27-I27 -> #REF! | K27: =B27+C27 -> #REF! | L27: =SUM('[1]매입계산서(채움)'!D400:D410) -> #REF! | M27: ='월별사용내역'!R87 -> 19600000 | N27: 1월
A28: 2월 | B28: =#REF! -> #REF! | C28: =#REF!+#REF!+#REF! -> #REF! | D28: =F28-(B28+C28) -> #REF! | F28: ='매출(휴먼)'!J2836 -> 255106371 | G28: =SUM(K28:M28) -> #REF! | H28: =F28-G28 -> #REF! | I28: =F28*7% -> 17857446 | J28: =H28-I28 -> #REF! | K28: =B28+C28 -> #REF! | L28: =SUM('[1]매입계산서(채움)'!D411:D418) -> #REF! | M28: ='월별사용내역'!R88 -> 20000000 | N28: 2월
A29: 3월 | B29: =#REF! -> #REF! | C29: =#REF!+#REF!+#REF! -> #REF! | D29: =F29-(B29+C29) -> #REF! | F29: ='매출(휴먼)'!J2888 -> 284243190 | G29: =SUM(K29:M29) -> #REF! | H29: =F29-G29 -> #REF! | I29: =F29*7% -> 19897023 | J29: =H29-I29 -> #REF! | K29: =B29+C29 -> #REF! | L29: =SUM('[1]매입계산서(채움)'!D419:D433) -> #REF! | M29: ='월별사용내역'!R89 -> 20658340 | N29: 3월
A30: 4월 | B30: =#REF! -> #REF! | C30: =#REF!+#REF!+#REF! -> #REF! | D30: =F30-(B30+C30) -> #REF! | F30: ='매출(휴먼)'!J2938 -> 295389880 | G30: =SUM(K30:M30) -> #REF! | H30: =F30-G30 -> #REF! | I30: =F30*7% -> 20677292 | J30: =H30-I30 -> #REF! | K30: =B30+C30 -> #REF! | L30: =SUM('[1]매입계산서(채움)'!D434:D445) -> #REF! | M30: ='월별사용내역'!R90 -> 10900000 | N30: 4월
A31: 5월 | B31: =#REF! -> #REF! | C31: =#REF!+#REF!+#REF! -> #REF! | D31: =F31-(B31+C31) -> #REF! | F31: ='매출(휴먼)'!J2988 -> 354306200 | G31: =SUM(K31:M31) -> #REF! | H31: =F31-G31 -> #REF! | I31: =F31*7% -> 24801434 | J31: =H31-I31 -> #REF! | K31: =B31+C31 -> #REF! | L31: =SUM('[1]매입계산서(채움)'!D446:D453) -> #REF! | M31: ='월별사용내역'!R91 -> 15600000 | N31: 5월
A32: 6월 | B32: =#REF! -> #REF! | C32: =#REF!+#REF!+#REF! -> #REF! | D32: =F32-(B32+C32) -> #REF! | F32: ='매출(휴먼)'!J3054 -> 335424790 | G32: =SUM(K32:M32) -> #REF! | H32: =F32-G32 -> #REF! | I32: =F32*7% -> 23479735 | J32: =H32-I32 -> #REF! | K32: =B32+C32 -> #REF! | L32: =SUM('[1]매입계산서(채움)'!D454:D465) -> #REF! | M32: ='월별사용내역'!R92 -> 13354270 | N32: 6월
A33: 7월 | B33: =#REF! -> #REF! | C33: =#REF!+#REF!+#REF! -> #REF! | D33: =F33-(B33+C33) -> #REF! | F33: ='매출(휴먼)'!J3111 -> 349793060 | G33: =SUM(K33:M33) -> #REF! | H33: =F33-G33 -> #REF! | I33: =F33*7% -> 24485514 | J33: =H33-I33 -> #REF! | K33: =B33+C33 -> #REF! | L33: =SUM('[1]매입계산서(채움)'!D466:D479) -> #REF! | M33: ='월별사용내역'!R93 -> 15877620 | N33: 7월
A34: 8월 | B34: =#REF! -> #REF! | C34: =#REF!+#REF!+#REF! -> #REF! | D34: =F34-(B34+C34) -> #REF! | F34: ='매출(휴먼)'!J3163 -> 387148781 | G34: =SUM(K34:M34) -> #REF! | H34: =F34-G34 -> #REF! | I34: =F34*7% -> 27100415 | J34: =H34-I34 -> #REF! | K34: =B34+C34 -> #REF! | L34: =SUM('[1]매입계산서(채움)'!D480:D487) -> #REF! | M34: ='월별사용내역'!R94 -> 15700000 | N34: 8월
A35: 9월 | B35: =#REF! -> #REF! | C35: =#REF!+#REF!+#REF! -> #REF! | D35: =F35-(B35+C35) -> #REF! | F35: ='매출(휴먼)'!J3213 -> 305326350 | G35: =SUM(K35:M35) -> #REF! | H35: =F35-G35 -> #REF! | I35: =F35*7% -> 21372844 | J35: =H35-I35 -> #REF! | K35: =B35+C35 -> #REF! | L35: =SUM('[1]매입계산서(채움)'!D488:D503) -> #REF! | M35: ='월별사용내역'!R95 -> 16250000 | N35: 9월
A36: 10월 | B36: =#REF! -> #REF! | C36: =#REF!+#REF!+#REF! -> #REF! | D36: =F36-(B36+C36) -> #REF! | F36: ='매출(휴먼)'!J3265 -> 336582300 | G36: =SUM(K36:M36) -> #REF! | H36: =F36-G36 -> #REF! | I36: =F36*7% -> 23560761 | J36: =H36-I36 -> #REF! | K36: =B36+C36 -> #REF! | L36: =SUM('[1]매입계산서(채움)'!D504:D518) -> #REF! | M36: ='월별사용내역'!R96 -> 13100000 | N36: 10월
A37: 11월 | B37: =#REF! -> #REF! | C37: =#REF!+#REF!+#REF! -> #REF! | D37: =F37-(B37+C37) -> #REF! | F37: ='매출(휴먼)'!J3315 -> 313027650 | G37: =SUM(K37:M37) -> #REF! | H37: =F37-G37 -> #REF! | I37: =F37*7% -> 21911936 | J37: =H37-I37 -> #REF! | K37: =B37+C37 -> #REF! | L37: =SUM('[1]매입계산서(채움)'!D519:D526) -> #REF! | M37: ='월별사용내역'!R97 -> 13400000 | N37: 11월
A38: 12월 | B38: =#REF! -> #REF! | C38: =#REF!+#REF!+#REF!+#REF! -> #REF! | D38: =F38-(B38+C38) -> #REF! | F38: ='매출(휴먼)'!J3373 -> 605812230 | G38: =SUM(K38:M38) -> #REF! | H38: =F38-G38 -> #REF! | I38: =F38*7% -> 42406856 | J38: =H38-I38 -> #REF! | K38: =B38+C38 -> #REF! | L38: =SUM('[1]매입계산서(채움)'!D527:D539) -> #REF! | M38: ='월별사용내역'!R98 -> 13300000 | N38: 12월
B39: 일용+경비지도사 | C39: 유령 | G39: 일용신고,매입계산서,직원급여 | I39: 부족신고금액 | J39: =SUM(J27:J38) -> #REF!
A40: 2024년 1월 | B40: =#REF!+#REF!+#REF! -> #REF! | C40: =#REF!+#REF!+#REF!+#REF! -> #REF! | D40: =F40-(B40+C40) -> #REF! | F40: ='매출(휴먼)'!J3426 -> 353878670 | G40: =SUM(K40:M40) -> #REF! | H40: =F40-G40 -> #REF! | I40: =F40*7% -> 24771507 | J40: =H40-I40 -> #REF! | K40: =B40+C40 -> #REF! | L40: =SUM('매입계산서(휴먼)'!D579:D591) -> 162427363 | M40: ='월별사용내역'!R100 -> 13600000 | N40: 1월
A41: 2월 | B41: =#REF! -> #REF! | C41: =#REF!+#REF!+#REF!+#REF! -> #REF! | D41: =F41-(B41+C41) -> #REF! | F41: ='매출(휴먼)'!J3472 -> 317366392 | G41: =SUM(K41:M41) -> #REF! | H41: =F41-G41 -> #REF! | I41: =F41*7% -> 22215647 | J41: =H41-I41 -> #REF! | K41: =B41+C41 -> #REF! | L41: =SUM('매입계산서(휴먼)'!D592:D607) -> 345485696 | M41: ='월별사용내역'!R101 -> 23141937 | N41: 2월
A42: 3월 | B42: =#REF! -> #REF! | C42: =#REF!+#REF!+#REF!+#REF! -> #REF! | D42: =F42-(B42+C42) -> #REF! | F42: ='매출(휴먼)'!J3521 -> 311986062 | G42: =SUM(K42:M42) -> #REF! | H42: =F42-G42 -> #REF! | I42: =F42*7% -> 21839024 | J42: =H42-I42 -> #REF! | K42: =B42+C42 -> #REF! | L42: =SUM('매입계산서(휴먼)'!D608:D622) -> 240909720 | M42: ='월별사용내역'!R102 -> 21318700 | N42: 3월
A43: 4월 | B43: =#REF! -> #REF! | C43: =#REF!+#REF!+#REF!+#REF! -> #REF! | D43: =F43-(B43+C43) -> #REF! | F43: ='매출(휴먼)'!J3567 -> 323090232 | G43: =SUM(K43:M43) -> #REF! | H43: =F43-G43 -> #REF! | I43: =F43*7% -> 22616316 | J43: =H43-I43 -> #REF! | K43: =B43+C43 -> #REF! | L43: =SUM('매입계산서(휴먼)'!D623:D635) -> 12304690 | M43: ='월별사용내역'!R103 -> 22858340 | N43: 4월
A44: 5월 | B44: =#REF! -> #REF! | C44: =#REF!+#REF!+#REF!+#REF! -> #REF! | D44: =F44-(B44+C44) -> #REF! | F44: ='매출(휴먼)'!J3615 -> 361378376 | G44: =SUM(K44:M44) -> #REF! | H44: =F44-G44 -> #REF! | I44: =F44*7% -> 25296486 | J44: =H44-I44 -> #REF! | K44: =B44+C44 -> #REF! | L44: =SUM('매입계산서(휴먼)'!D636:D643) -> 12675390 | M44: ='월별사용내역'!R104 -> 19600000 | N44: 5월
A45: 6월 | B45: =#REF! -> #REF! | C45: =#REF!+#REF!+#REF!+#REF! -> #REF! | D45: =F45-(B45+C45) -> #REF! | F45: ='매출(휴먼)'!J3664 -> 345161227 | G45: =SUM(K45:M45) -> #REF! | H45: =F45-G45 -> #REF! | I45: =F45*7% -> 24161286 | J45: =H45-I45 -> #REF! | K45: =B45+C45 -> #REF! | L45: =SUM('매입계산서(휴먼)'!D644:D653) -> 41620924 | M45: ='월별사용내역'!R105 -> 15400000 | N45: 6월
A46: 7월 | B46: =#REF! -> #REF! | C46: =#REF!+#REF!+#REF!+#REF! -> #REF! | D46: =F46-(B46+C46)-'매출(휴먼)'!C3699 -> #REF! | F46: ='매출(휴먼)'!J3709 -> 452866942 | G46: =SUM(K46:M46) -> #REF! | H46: =F46-G46 -> #REF! | I46: =F46*7% -> 31700686 | J46: =H46-I46 -> #REF! | K46: =B46+C46 -> #REF! | L46: =SUM('매입계산서(휴먼)'!D654:D660) -> 11869781 | M46: ='월별사용내역'!R106 -> 17900000 | N46: 7월
A47: 8월 | B47: =#REF! -> #REF! | C47: =#REF!+#REF!+#REF!+#REF! -> #REF! | D47: =F47-(B47+C47)-'매출(휴먼)'!C3711-'매출(휴먼)'!C3755 -> #REF! | F47: ='매출(휴먼)'!J3754 -> 533467815 | G47: =SUM(K47:M47) -> #REF! | H47: =F47-G47 -> #REF! | I47: =F47*7% -> 37342747 | J47: =H47-I47 -> #REF! | K47: =B47+C47 -> #REF! | L47: =SUM('매입계산서(휴먼)'!D661:D670) -> 76469809 | M47: ='월별사용내역'!R107 -> 15600000 | N47: 8월
A48: 9월 | B48: =#REF! -> #REF! | C48: =#REF!+#REF!+#REF!+#REF! -> #REF! | D48: =F48-(B48+C48)-'매출(휴먼)'!C3756-'매출(휴먼)'!C3757-'매출(휴먼)'!C3804-'매출(휴먼)'!C3805 -> #REF! | F48: ='매출(휴먼)'!I3805 -> 532326523 | G48: =SUM(K48:M48) -> #REF! | H48: =F48-G48 -> #REF! | I48: =F48*7% -> 37262857 | J48: =H48-I48 -> #REF! | K48: =B48+C48 -> #REF! | L48: =SUM('매입계산서(휴먼)'!D671:D684) -> 221151944 | M48: ='월별사용내역'!R108 -> 17000000 | N48: 9월
A49: 10월 | B49: =#REF! -> #REF! | C49: =#REF!+#REF!+#REF!+#REF! -> #REF! | D49: =F49-(B49+C49)-'매출(휴먼)'!C3834-'매출(휴먼)'!C3835 -> #REF! | F49: ='매출(휴먼)'!I3846 -> 395786701 | G49: =SUM(K49:M49) -> #REF! | H49: =F49-G49 -> #REF! | I49: =F49*7% -> 27705069 | J49: =H49-I49 -> #REF! | K49: =B49+C49 -> #REF! | L49: =SUM('매입계산서(휴먼)'!D685:D697) -> 50362688 | M49: ='월별사용내역'!R109 -> 15000000 | N49: 10월
A50: 11월 | B50: =#REF! -> #REF! | C50: =#REF!+#REF!+#REF!+#REF! -> #REF! | D50: =F50-(B50+C50)-'매출(휴먼)'!C3883-'매출(휴먼)'!C3884-'매출(휴먼)'!C3885-'매출(휴먼)'!C3886-'매출(휴먼)'!C3887-'매출(휴먼)'!C3888-'매출(휴먼)'!C3889-'매출(휴먼)'!C3890-'매출(휴먼)'!C3891-'매출(휴먼)'!C3892-'매출(휴먼)'!C3893-'매출(휴먼)'!C3880-'매출(휴먼)'!C3881 -> #REF! | F50: ='매출(휴먼)'!I3902 -> 864109338 | G50: =SUM(K50:M50) -> #REF! | H50: =F50-G50 -> #REF! | I50: =F50*7% -> 60487654 | J50: =H50-I50 -> #REF! | K50: =B50+C50 -> #REF! | L50: =SUM('매입계산서(휴먼)'!D698:D710) -> 86420578 | M50: ='월별사용내역'!R110 -> 18000000 | N50: 11월
A51: 12월 | B51: =#REF! -> #REF! | C51: =#REF!+#REF!+#REF!+#REF! -> #REF! | D51: =F51-(B51+C51)-'매출(휴먼)'!C3917-'매출(휴먼)'!C3918-'매출(휴먼)'!C3919-'매출(휴먼)'!C3920-'매출(휴먼)'!C3921-'매출(휴먼)'!C3922-'매출(휴먼)'!C3927-'매출(휴먼)'!C3928-'매출(휴먼)'!C3929-'매출(휴먼)'!C3930-'매출(휴먼)'!C3948-'매출(휴먼)'!C3949 -> #REF! | F51: ='매출(휴먼)'!I3961 -> 753613119 | G51: =SUM(K51:M51) -> #REF! | H51: =F51-G51 -> #REF! | I51: =F51*7% -> 52752918 | J51: =H51-I51 -> #REF! | K51: =B51+C51 -> #REF! | L51: =SUM('매입계산서(휴먼)'!D711:D718) -> 36167727 | M51: ='월별사용내역'!R111 -> 18000000 | N51: 12월
B52: 일용+경비지도사+일용퇴직금 | C52: 23년 12월부터 용인세브 포함 | G52: 일용신고,매입계산서,직원급여 | I52: 부족신고금액 | J52: =SUM(J40:J51) -> #REF!
A53: 2025년 1월 | B53: ='2025년'!L95 -> 274974130 | C53: ='2025년'!L60+'2025년'!L97+'2025년'!L98+'2025년'!L99 -> 24734000 | D53: =F53-(B53+C53)-'매출(휴먼)'!C3995-'매출(휴먼)'!C3996 -> 41672207 | F53: ='매출(휴먼)'!J4005 -> 440681517 | G53: =SUM(K53:M53) -> 624814126 | H53: =F53-G53 -> -184132609 | I53: =F53*7% -> 30847706 | J53: =H53-I53 -> -2.1498032e+08 | K53: =B53+C53 -> 299708130 | L53: =SUM('매입계산서(휴먼)'!D719:D736) -> 305505996 | M53: ='월별사용내역'!R113 -> 19600000 | N53: 1월
A54: 2월 | B54: ='2025년'!L265 -> 205227346 | C54: ='2025년'!L230+'2025년'!L267+'2025년'!L268+'2025년'!L269 -> 17973360 | D54: =F54-(B54+C54)-'매출(휴먼)'!D4012-'매출(휴먼)'!D4020-'매출(휴먼)'!D4039-'매출(휴먼)'!D4049-'매출(휴먼)'!D4050 -> 38288469 | F54: ='매출(휴먼)'!J4055 -> 494324575 | G54: =SUM(K54:M54) -> 408703760 | H54: =F54-G54 -> 85620815 | I54: =F54*7% -> 34602720 | J54: =H54-I54 -> 51018095 | K54: =B54+C54 -> 223200706 | L54: =SUM('매입계산서(휴먼)'!D737:D752) -> 162181364 | M54: ='월별사용내역'!R114 -> 23321690 | N54: 2월
A55: 3월 | B55: ='2025년'!L450 -> 193078634 | C55: ='2025년'!L415+'2025년'!L452+'2025년'!L453+'2025년'!L454 -> 21419940 | D55: =F55-(B55+C55) -> 34717549 | F55: ='매출(휴먼)'!J4097 -> 249216123 | G55: =SUM(K55:M55) -> 342960330 | H55: =F55-G55 -> -93744207 | I55: =F55*7% -> 17445129 | J55: =H55-I55 -> -1.1118934e+08 | K55: =B55+C55 -> 214498574 | L55: =SUM('매입계산서(휴먼)'!D753:D770) -> 107741866 | M55: ='월별사용내역'!R115 -> 20719890 | N55: 3월
A56: 4월 | B56: ='2025년'!L581 -> 195915840 | C56: ='2025년'!L546+'2025년'!L583+'2025년'!L584+'2025년'!L585 -> 24751820 | D56: =F56-(B56+C56) -> -69987767 | F56: ='매출(휴먼)'!J4112 -> 150679893 | G56: =SUM(K56:M56) -> 260550433 | H56: =F56-G56 -> -109870540 | I56: =F56*7% -> 10547593 | J56: =H56-I56 -> -1.2041813e+08 | K56: =B56+C56 -> 220667660 | L56: =SUM('매입계산서(휴먼)'!D771:D787) -> 20982773 | M56: ='월별사용내역'!R116 -> 18900000 | N56: 4월
A57: 5월 | B57: ='2025년'!L726 -> 116843180 | C57: ='2025년'!L691+'2025년'!L728+'2025년'!L729+'2025년'!L730 -> 23808150 | D57: =F57-(B57+C57) -> -33549142 | F57: ='매출(휴먼)'!J4122 -> 107102188 | G57: =SUM(K57:M57) -> 180080573 | H57: =F57-G57 -> -72978385 | I57: =F57*7% -> 7497153.2 | J57: =H57-I57 -> -80475538 | K57: =B57+C57 -> 140651330 | L57: =SUM('매입계산서(휴먼)'!D788:D807) -> 15529243 | M57: ='월별사용내역'!R117 -> 23900000 | N57: 5월
A58: 6월 | B58: ='2025년'!L837 -> 75674650 | C58: ='2025년'!L802+'2025년'!L839+'2025년'!L840+'2025년'!L841 -> 29295650 | D58: =F58-(B58+C58) -> 30552701 | F58: ='매출(휴먼)'!J4131+'주차'!D6 -> 135523001 | G58: =SUM(K58:M58) -> 139211952 | H58: =F58-G58 -> -3688951 | I58: =F58*7% -> 9486610.1 | J58: =H58-I58 -> -13175561 | K58: =B58+C58 -> 104970300 | L58: =SUM('매입계산서(휴먼)'!D808:D835) -> 15941652 | M58: ='월별사용내역'!R118 -> 18300000 | N58: 6월
A59: 7월 | B59: ='2025년'!L1017 -> 176720464 | C59: ='2025년'!L982+'2025년'!L1019+'2025년'!L1020+'2025년'!L1021 -> 26581520 | D59: =F59-(B59+C59) -> 43596953 | F59: ='매출(휴먼)'!J4144+'주차'!D12 -> 246898937 | G59: =SUM(K59:M59) -> 473069307 | H59: =F59-G59 -> -226170370 | I59: =F59*7% -> 17282926 | J59: =H59-I59 -> -2.434533e+08 | K59: =B59+C59 -> 203301984 | L59: =SUM('매입계산서(휴먼)'!D836:D863) -> 248667323 | M59: ='월별사용내역'!R119 -> 21100000 | N59: 7월
A60: 8월 | B60: ='2025년'!L1175 -> 307369766 | C60: ='2025년'!L1140+'2025년'!L1177+'2025년'!L1178+'2025년'!L1179 -> 26474020 | D60: =F60-(B60+C60) -> 14957602 | F60: ='매출(휴먼)'!J4161+'주차'!E18 -> 348801388 | G60: =SUM(K60:M60) -> 436941222 | H60: =F60-G60 -> -88139834 | I60: =F60*7% -> 24416097 | J60: =H60-I60 -> -1.1255593e+08 | K60: =B60+C60 -> 333843786 | L60: =SUM('매입계산서(휴먼)'!D864:D893) -> 84797436 | M60: ='월별사용내역'!R120 -> 18300000 | N60: 8월
A61: 9월 | B61: ='2025년'!L1384 -> 297868938 | C61: ='2025년'!L1349+'2025년'!L1386+'2025년'!L1387+'2025년'!L1388 -> 23742900 | D61: =F61-(B61+C61) -> 27461969 | F61: ='매출(휴먼)'!J4182+'주차'!E24 -> 349073807 | G61: =SUM(K61:M61) -> 662328595 | H61: =F61-G61 -> -313254788 | I61: =F61*7% -> 24435166 | J61: =H61-I61 -> -3.3768995e+08 | K61: =B61+C61 -> 321611838 | L61: =SUM('매입계산서(휴먼)'!D894:D932) -> 322416757 | M61: ='월별사용내역'!R121 -> 18300000 | N61: 9월
A62: 10월 | B62: ='2025년'!L1574 -> 210177056 | C62: ='2025년'!L1539+'2025년'!L1576+'2025년'!L1577+'2025년'!L1578 -> 23352320 | D62: =F62-(B62+C62) -> 18984010 | F62: ='매출(휴먼)'!J4199+'주차'!E30 -> 252513386 | G62: =SUM(K62:M62) -> 478449151 | H62: =F62-G62 -> -225935765 | I62: =F62*7% -> 17675937 | J62: =H62-I62 -> -243611702 | K62: =B62+C62 -> 233529376 | L62: =SUM('매입계산서(휴먼)'!D933:D967) -> 222361435 | M62: ='월별사용내역'!R122 -> 22558340 | N62: 10월
A63: 11월 | B63: ='2025년'!L1744 -> 257396176 | C63: ='2025년'!L1709+'2025년'!L1746+'2025년'!L1747+'2025년'!L1748 -> 149104610 | D63: =F63-(B63+C63) -> 34668314 | F63: ='매출(휴먼)'!J4218+'주차'!E36 -> 441169100 | G63: =SUM(K63:M63) -> 435931452 | H63: =F63-G63 -> 5237648 | I63: =F63*7% -> 30881837 | J63: =H63-I63 -> -25644189 | K63: =B63+C63 -> 406500786 | L63: =SUM('매입계산서(휴먼)'!D968:D995) -> 16030666 | M63: ='월별사용내역'!R123 -> 13400000 | N63: 11월
A64: 12월 | B64: ='2025년'!L1914+'2025년'!N1881+'2025년'!N1892+'2025년'!P1913 -> 297449394 | C64: ='2025년'!L1879+'2025년'!L1916+'2025년'!L1917+'2025년'!L1918 -> 83011804 | D64: =F64-(B64+C64) -> 20842317 | F64: ='매출(휴먼)'!J4237+'주차'!E42 -> 401303515 | G64: =SUM(K64:M64) -> 422678340 | H64: =F64-G64 -> -21374825 | I64: =F64*7% -> 28091246 | J64: =H64-I64 -> -49466071 | K64: =B64+C64 -> 380461198 | L64: =SUM('매입계산서(휴먼)'!D996:D1022) -> 28817142 | M64: ='월별사용내역'!R124 -> 13400000 | N64: 12월
B65: 일용+경비지도사+일용퇴직금 | C65: 23년 12월부터 용인세브 포함 | G65: 일용신고,매입계산서,직원급여 | I65: 부족신고금액 | J65: =SUM(J53:J64) -> -1501641931
A66: 2025년 1월 | B66: ='2026년'!L104+'2026년'!N71+'2026년'!N82+'2026년'!P103 -> 232694682 | C66: ='2026년'!L106+'2026년'!L107+'2026년'!L108 -> 14716370 | D66: =F66-(B66+C66) -> 22798641 | F66: ='매출(휴먼)'!J4249+'주차'!E45 -> 270209693 | G66: =SUM(K66:M66) -> 455726059 | H66: =F66-G66 -> -185516366 | I66: =F66*7% -> 18914679 | J66: =H66-I66 -> -2.0443104e+08 | K66: =B66+C66 -> 247411052 | L66: =SUM('매입계산서(휴먼)'!D1023:D1052) -> 194615007 | M66: ='월별사용내역'!R126 -> 13700000 | N66: 1월
A67: 2월 | B67: ='2026년'!L244+'2026년'!N211+'2026년'!N222+'2026년'!P243 -> 238211466 | C67: ='2026년'!L246+'2026년'!L247+'2026년'!L248 -> 13708260 | D67: =F67-(B67+C67) -> 26840880 | F67: ='매출(휴먼)'!J4261+'주차'!E48 -> 278760606 | G67: =SUM(K67:M67) -> 493237466 | H67: =F67-G67 -> -214476860 | I67: =F67*7% -> 19513242 | J67: =H67-I67 -> -2.339901e+08 | K67: =B67+C67 -> 251919726 | L67: =SUM('매입계산서(휴먼)'!D1053:D1085) -> 223117740 | M67: ='월별사용내역'!R127 -> 18200000 | N67: 2월
A68: 3월 | B68: ='2026년'!L384+'2026년'!N351+'2026년'!N362+'2026년'!P383 -> 128598560 | C68: ='2026년'!L386+'2026년'!L387+'2026년'!L388 -> 0 | D68: =F68+F20-(B68+C68) -> 42160176 | F68: ='매출(휴먼)'!I4274+'주차'!E51 -> 106640736 | G68: =SUM(K68:M68) -> 173001380 | H68: =F68-G68 -> -66360644 | I68: =F68*7% -> 7464851.5 | J68: =H68-I68 -> -73825496 | K68: =B68+C68 -> 128598560 | L68: =SUM('매입계산서(휴먼)'!D1086:D1113) -> 30231600 | M68: ='월별사용내역'!R128 -> 14171220 | N68: 3월
A69: 4월 | G69: =SUM(K69:M69) -> 0 | H69: =F69-G69 -> 0 | I69: =F69*7% -> 0 | J69: =H69-I69 -> 0 | K69: =B69+C69 -> 0 | M69: ='월별사용내역'!R129 | N69: 4월
A70: 5월 | G70: =SUM(K70:M70) -> 0 | H70: =F70-G70 -> 0 | I70: =F70*7% -> 0 | J70: =H70-I70 -> 0 | K70: =B70+C70 -> 0 | M70: ='월별사용내역'!R130 | N70: 5월
A71: 6월 | G71: =SUM(K71:M71) -> 0 | H71: =F71-G71 -> 0 | I71: =F71*7% -> 0 | J71: =H71-I71 -> 0 | K71: =B71+C71 -> 0 | M71: ='월별사용내역'!R131 | N71: 6월
A72: 7월 | G72: =SUM(K72:M72) -> 0 | H72: =F72-G72 -> 0 | I72: =F72*7% -> 0 | J72: =H72-I72 -> 0 | K72: =B72+C72 -> 0 | M72: ='월별사용내역'!R132 | N72: 7월
A73: 8월 | G73: =SUM(K73:M73) -> 0 | H73: =F73-G73 -> 0 | I73: =F73*7% -> 0 | J73: =H73-I73 -> 0 | K73: =B73+C73 -> 0 | M73: ='월별사용내역'!R133 | N73: 8월
A74: 9월 | G74: =SUM(K74:M74) -> 0 | H74: =F74-G74 -> 0 | I74: =F74*7% -> 0 | J74: =H74-I74 -> 0 | K74: =B74+C74 -> 0 | M74: ='월별사용내역'!R134 | N74: 9월
A75: 10월 | G75: =SUM(K75:M75) -> 0 | H75: =F75-G75 -> 0 | I75: =F75*7% -> 0 | J75: =H75-I75 -> 0 | K75: =B75+C75 -> 0 | M75: ='월별사용내역'!R135 | N75: 10월
A76: 11월 | G76: =SUM(K76:M76) -> 0 | H76: =F76-G76 -> 0 | I76: =F76*7% -> 0 | J76: =H76-I76 -> 0 | K76: =B76+C76 -> 0 | M76: ='월별사용내역'!R136 | N76: 11월
A77: 12월 | F77: ='매출(휴먼)'!J4244+'주차'!E55 -> 0 | G77: =SUM(K77:M77) -> 0 | H77: =F77-G77 -> 0 | I77: =F77*7% -> 0 | J77: =H77-I77 -> 0 | K77: =B77+C77 -> 0 | M77: ='월별사용내역'!R137 | N77: 12월

Sheet 3월
A1: 날짜 | B1: 적요 | C1: 입금액(원) | D1: 출금액(원) | E1: 잔액(원) | F1: 계산서발행일 | G1: 계좌 | I1: 통장잔고 | J1: =L1+N1+P1+R1+T1+V1 -> -39575875 | K1: 기업 | L1: 1073854 | M1: 하나 | N1: =508880+445282 -> 954162 | O1: 우리 | P1: -41705207 | Q1: 신한 | R1: 101316 | S1: 농협 | T1: 0 | U1: 국민
A2: 전월이월 | E2: -50446141
A3: 46082 | B3: 대출이자원가 | D3: 442452 | E3: =E2+C3-D3 -> -50888593 | G3: 우리
B4: 인건비 | D4: 162460 | E4: =E3+C4-D4 -> -51051053 | G4: 우리
A5: 46083 | B5: 인건비 | D5: 162460 | E5: =E4+C5-D5 -> -51213513 | G5: 우리
A6: 46084 | B6: 311202934129 | D6: 2175285 | E6: =E5+C6-D6 -> -53388798 | G6: 신한
B7: 중진공대출 | D7: 4391409 | E7: =E6+C7-D7 -> -57780207 | G7: 신한
B8: 다보스 주차비 | C8: 274010 | E8: =E7+C8-D8 -> -57506197 | G8: 하나
B9: 주식회사 쏘카 | C9: 440000 | E9: =E8+C9-D9 -> -57066197 | G9: 하나
B10: 1220600815590 | D10: 1364653 | E10: =E9+C10-D10 -> -58430850 | G10: 우리
A11: 46085 | B11: 다보스 주차비 | C11: 450050 | E11: =E10+C11-D11 -> -57980800 | G11: 하나
B12: (주)휴먼엠에 | D12: 30300 | E12: =E11+C12-D12 -> -58011100 | G12: 하나
B13: (의)영문의료재단 | D13: 312000 | E13: =E12+C13-D13 -> -58323100 | G13: 하나
B14: 최영창 | D14: 240000 | E14: =E13+C14-D14 -> -58563100 | F14: 컨설팅비용부가세 | G14: 하나
B15: (주)삼구아이앤씨-소노벨 룸메이드 | C15: 50773250 | E15: =E14+C15-D15 -> -7789850.3 | F15: 46075 | G15: 우리
B16: (주)삼구아이앤씨-소노캄 룸메이드 | C16: 14790050 | E16: =E15+C16-D16 -> 7000199.7 | F16: 46075 | G16: 우리
B17: 이경미 | D17: 48200000 | E17: =E16+C17-D17 -> -41199800 | G17: 우리
B18: 주식회사 우림 | D18: 14790050 | E18: =E17+C18-D18 -> -55989850 | G18: 우리
A19: 46086 | B19: 다보스 주차비 | C19: 1034344 | E19: =E18+C19-D19 -> -54955506 | G19: 하나
B20: 인건비 | D20: 42550 | E20: =E19+C20-D20 -> -54998056 | G20: 우리
A21: 46087 | B21: 다보스 주차비 | C21: 431151 | E21: =E20+C21-D21 -> -54566905 | G21: 하나
B22: 인건비 | D22: 42550 | E22: =E21+C22-D22 -> -54609455 | G22: 우리
A23: 46088 | B23: 인건비 | D23: 292040 | E23: =E22+C23-D23 -> -54901495 | G23: 우리
A24: 46089 | B24: 인건비 | D24: 181800 | E24: =E23+C24-D24 -> -55083295 | G24: 우리
A25: 46090 | B25: 다보스 주차비 | C25: 353551 | E25: =E24+C25-D25 -> -54729744 | G25: 하나
B26: 75698007209642-00001 | D26: 758837 | E26: =E25+C26-D26 -> -55488581 | G26: 하나
B27: 조은커뮤니-H | D27: 38500 | E27: =E26+C27-D27 -> -55527081 | G27: 하나
B28: 이경미 | D28: 1000000 | E28: =E27+C28-D28 -> -56527081 | G28: 우리
A29: 46091 | B29: 다보스 주차비 | C29: 404189 | E29: =E28+C29-D29 -> -56122892 | G29: 하나
B30: 이경미 | C30: 23000000 | E30: =E29+C30-D30 -> -33122892 | G30: 하나
B31: 김동빈-다보스 인건비 | D31: 96700 | E31: =E30+C31-D31 -> -33219592 | G31: 하나
B32: 다보스 급여 | D32: 11304140 | E32: =E31+C32-D32 -> -44523732 | G32: 하나
B33: 2/21~말일 케이엠파크 미지급급여 | D33: 13113030 | E33: =E32+C33-D33 -> -57636762 | G33: 하나
B34: SMS수수료 | D34: 900 | E34: =E33+C34-D34 -> -57637662 | G34: 우리
B35: 이경미 | C35: 24000000 | E35: =E34+C35-D35 -> -33637662 | G35: 기업
B36: SMS통지수수료 | D36: 900 | E36: =E35+C36-D36 -> -33638562 | G36: 기업
B37: 직원급여(고선옥,허다경,전가희) | D37: 8300000 | E37: =E36+C37-D37 -> -41938562 | G37: 기업
B38: 완도급여(2명) | D38: 4897760 | E38: =E37+C38-D38 -> -46836322 | G38: 기업
B39: 한국보육진흥원급여(2명) | D39: 2722110 | E39: =E38+C39-D39 -> -49558432 | G39: 기업
B40: 박준식 | D40: 200000 | E40: =E39+C40-D40 -> -49758432 | G40: 기업
B41: 사업소득세 | D41: 390930 | E41: =E40+C41-D41 -> -50149362 | G41: 기업
B42: 지방세납부 | D42: 39390 | E42: =E41+C42-D42 -> -50188752 | G42: 기업
B43: 국민건강2602 | D43: 3038320 | E43: =E42+C43-D43 -> -53227072 | G43: 기업
B44: 국민연금2602 | D44: 3143420 | E44: =E43+C44-D44 -> -56370492 | G44: 기업
B45: 산재보험2602 | D45: 131800 | E45: =E44+C45-D45 -> -56502292 | G45: 기업
B46: 고용보험2602 | D46: 284700 | E46: =E45+C46-D46 -> -56786992 | G46: 기업
B47: 합산보험2602 | D47: 585780 | E47: =E46+C47-D47 -> -57372772 | G47: 기업
A48: 46092 | B48: 다보스 주차비 | C48: 789483 | E48: =E47+C48-D48 -> -56583289 | G48: 하나
B49: 한국보육진흥원 | C49: 2867260 | E49: =E48+C49-D49 -> -53716029 | G49: 기업
B50: 이경미 | C50: 2000000 | E50: =E49+C50-D50 -> -51716029 | G50: 기업
B51: 주식회사우림 | D51: 5000000 | E51: =E50+C51-D51 -> -56716029 | F51: 2/28 소노캄용역대금 중 일부 | G51: 기업
B52: 조은커뮤니 | D52: 27500 | E52: =E51+C52-D52 -> -56743529 | G52: 기업
A53: 46093 | B53: 다보스 주차비 | C53: 552515 | E53: =E52+C53-D53 -> -56191014 | G53: 하나
A54: 46094 | B54: 다보스 주차비 | C54: 490291 | E54: =E53+C54-D54 -> -55700723 | G54: 하나
B55: 퇴직연금수수료 | D55: 14141 | E55: =E54+C55-D55 -> -55714864 | G55: 하나
B56: (주)삼구아이앤씨-소노캄 룸메이드 | C56: 8085660 | E56: =E55+C56-D56 -> -47629204 | F56: 46089 | G56: 우리
B57: (주)삼구아이앤씨-소노벨 룸메이드 | C57: 18412460 | E57: =E56+C57-D57 -> -29216744 | F57: 46089 | G57: 우리
B58: 1221000428172 | D58: 6634760 | E58: =E57+C58-D58 -> -35851504 | G58: 우리
B59: 이경미 | D59: 12000000 | E59: =E58+C59-D59 -> -47851504 | G59: 우리
B60: (주)케이엠파크 | C60: 101783000 | E60: =E59+C60-D60 -> 53931496 | F60: 46081 | G60: 기업
B61: 임원급여(이경미) | D61: 4000000 | E61: =E60+C61-D61 -> 49931496 | G61: 기업
B62: 직원급여(2명) | D62: 5871220 | E62: =E61+C62-D62 -> 44060276 | G62: 기업
B63: 삼성화03017 | D63: 300000 | E63: =E62+C63-D63 -> 43760276 | G63: 기업 | I63: 고선옥 | J63: 2900000
B64: 이경미 | C64: 50000000 | E64: =E63+C64-D64 -> 93760276 | G64: 기업 | I64: 허다경 | J64: 2700000
B65: 주식회사우림 | D65: 57895200 | E65: =E64+C65-D65 -> 35865076 | G65: 기업 | I65: 전가희 | J65: 2700000
B66: 주식회사우림 | D66: 2041936 | E66: =E65+C66-D66 -> 33823140 | G66: 기업 | I66: 김야헌 | J66: 3100000
B67: 주식회사우림 | D67: 8085660 | E67: =E66+C67-D67 -> 25737480 | G67: 기업 | I67: 서윤미 | J67: 2700000
B68: 주식회사우림 | D68: 42332730 | E68: =E67+C68-D68 -> -16595250 | G68: 기업 | I68: 급여 | J68: =SUM(J60:J67) -> 14100000
B69: 주식회사우림 | D69: 21143100 | E69: =E68+C69-D69 -> -37738350 | G69: 기업
B70: 인건비 | D70: 42550 | E70: =E69+C70-D70 -> -37780900 | G70: 우리
A71: 46095 | B71: 이경미(신촌) | D71: 6708260 | E71: =E70+C71-D71 -> -44489160 | G71: 기업
B72: 이경미(용인) | D72: 2000000 | E72: =E71+C72-D72 -> -46489160 | G72: 기업 | I72: 퇴직금 | J72: =SUM(J69:J71) -> 0
B73: 인건비 | D73: 81230 | E73: =E72+C73-D73 -> -46570390 | G73: 하나
B74: 인건비 | D74: 201140 | E74: =E73+C74-D74 -> -46771530 | G74: 우리 | I74: 허다경 | J74: 0 | K74: 716
A75: 46096 | B75: 인건비 | D75: 181800 | E75: =E74+C75-D75 -> -46953330 | G75: 우리 | I75: 전가희 | J75: 0 | K75: 232 | L75: 4000000 | M75: 임원급여
A76: 46097 | B76: (주)삼구아이앤씨-소노벨 룸메이드 | C76: 42791045 | E76: =E75+C76-D76 -> -4162285.3 | F76: 46082 | G76: 우리 | I76: 인센티브 | J76: =SUM(J73:J75) -> 0 | L76: =J68+J72 -> 14100000 | M76: 직원급여
B77: 배옥현 | D77: 430000 | E77: =E76+C77-D77 -> -4592285.3 | F77: 소노벨 기숙사 월세 | G77: 우리 | L77: =J80+J86+J95+J103 -> 18924010 | M77: 파견직원급여
B78: 심재은 | D78: 400000 | E78: =E77+C78-D78 -> -4992285.3 | F78: 소노벨 기숙사 월세 | G78: 우리 | I78: 염경선 | J78: 2401440 | L78: =SUM(L75:L77) -> 37024010 | M78: 합계
B79: 장성호 | D79: 400000 | E79: =E78+C79-D79 -> -5392285.3 | F79: 소노벨 기숙사 월세 | G79: 우리 | I79: 김규준 | J79: 2496320
B80: 마시원 | D80: 400000 | E80: =E79+C80-D80 -> -5792285.3 | F80: 소노벨 기숙사 월세 | G80: 우리 | I80: 완도 | J80: =SUM(J77:J79) -> 4897760
B81: 정근미 | D81: 400000 | E81: =E80+C81-D81 -> -6192285.3 | F81: 소노벨 기숙사 월세 | G81: 우리
B82: 장성호 | D82: 420000 | E82: =E81+C82-D82 -> -6612285.3 | F82: 소노벨 기숙사 월세 | G82: 우리
B83: 이경미 | D83: 5000000 | E83: =E82+C83-D83 -> -11612285 | F83: 신촌 주재형 | G83: 우리
B84: 부가가치세 | D84: 3490790 | E84: =E83+C84-D84 -> -15103075 | G84: 우리 | I84: 이선경 | J84: 2234070
B85: 예금이자 | C85: 370 | E85: =E84+C85-D85 -> -15102705 | G85: 기업 | I85: 이주혜 | J85: 488040
B86: BNK캐피탈 | D86: 437200 | E86: =E85+C86-D86 -> -15539905 | G86: 기업 | I86: 보육 | J86: =SUM(J82:L85) -> 2722110
B87: 아마존카 | D87: 507100 | E87: =E86+C87-D87 -> -16047005 | G87: 기업 | I87: 권효재 | J87: 821430
B88: 삼성생명약대 | D88: 1275107 | E88: =E87+C88-D88 -> -17322112 | G88: 기업 | I88: 김남준 | J88: 1019850
B89: 롯데카드 | D89: 3633280 | E89: =E88+C89-D89 -> -20955392 | G89: 기업 | I89: 백성윤 | J89: 1001490
B90: 롯데카드 | D90: 12800 | E90: =E89+C90-D90 -> -20968192 | G90: 기업 | I90: 송인섭 | J90: 2053160
B91: 롯데카드 | D91: 1751591 | E91: =E90+C91-D91 -> -22719783 | G91: 기업 | I91: 오기제 | J91: 3092010
B92: 다보스 주차비 | C92: 397168 | E92: =E91+C92-D92 -> -22322615 | G92: 하나 | I92: 오은선 | J92: 363590
A93: 46098 | B93: 다보스 주차비 | C93: 513751 | E93: =E92+C93-D93 -> -21808864 | G93: 하나 | I93: 정영규 | J93: 2131180
A94: 46099 | B94: 다보스 주차비 | C94: 893396 | E94: =E93+C94-D94 -> -20915468 | G94: 하나 | I94: 조서형 | J94: 821430
B95: (주)삼구아이앤씨-소노캄 룸메이드 | C95: 7041936 | E95: =E94+C95-D95 -> -13873532 | F95: 46082 | G95: 우리 | I95: 다보스 | J95: =SUM(J87:J94) -> 11304140
A96: 46100 | B96: 다보스 주차비 | C96: 447797 | E96: =E95+C96-D96 -> -13425735 | G96: 하나
B97: 부가가치세 | D97: 10186870 | E97: =E96+C97-D97 -> -23612605 | G97: 우리
B98: 인건비 | D98: 61890 | E98: =E97+C98-D98 -> -23674495 | G98: 우리
A99: 46101 | B99: KB생대출상환 | D99: 67246 | E99: =E98+C99-D99 -> -23741741 | G99: 기업
B100: 다보스 주차비 | C100: 507856 | E100: =E99+C100-D100 -> -23233885 | G100: 하나
...

Sheet 2월
A1: 날짜 | B1: 적요 | C1: 입금액(원) | D1: 출금액(원) | E1: 잔액(원) | F1: 계산서발행일 | G1: 계좌 | I1: 통장잔고 | J1: =L1+N1+P1+R1+T1+V1 -> -50446141 | K1: 기업 | L1: 248264 | M1: 하나 | N1: =387218+218260 -> 605478 | O1: 우리 | P1: -57967893 | Q1: 신한 | R1: 6668010 | S1: 농협 | T1: 0 | U1: 국민
A2: 전월이월 | E2: -60314464
A3: 46054 | B3: 대출이자원가 | D3: 15200 | E3: =E2+C3-D3 -> -60329664 | G3: 우리
B4: 이체수수료 | D4: 500 | E4: =E3+C4-D4 -> -60330164 | G4: 농협
B5: 이경미 | D5: 1500000 | E5: =E4+C5-D5 -> -61830164 | G5: 기업
B6: 인건비 | D6: 162460 | E6: =E5+C6-D6 -> -61992624 | G6: 기업
A7: 46055 | B7: 다보스 주차비 | C7: 521751 | E7: =E6+C7-D7 -> -61470873 | G7: 하나
B8: 주식회사 쏘카 | C8: 440000 | E8: =E7+C8-D8 -> -61030873 | G8: 하나
B9: 인건비 | D9: 61890 | E9: =E8+C9-D9 -> -61092763 | G9: 기업
A10: 46056 | B10: 다보스 주차비 | C10: 490965 | E10: =E9+C10-D10 -> -60601798 | G10: 하나
B11: 이혜경(파주 오입금 예상) | C11: 110000 | E11: =E10+C11-D11 -> -60491798 | G11: 하나
A12: 46057 | B12: 대출이자지급 | D12: 566543 | E12: =E11+C12-D12 -> -61058341 | G12: 우리
B13: (주)삼구아이앤씨-소노캄 룸메이드 | C13: 4294290 | E13: =E12+C13-D13 -> -56764051 | F13: 46047 | G13: 우리
B14: 신한주식회사 우림 | D14: 4294290 | E14: =E13+C14-D14 -> -61058341 | G14: 우리
B15: 교통범칙금납부 | D15: 40000 | E15: =E14+C15-D15 -> -61098341 | G15: 기업
B16: 용마터널주식회사０２ | D16: 20400 | E16: =E15+C16-D16 -> -61118741 | G16: 기업
B17: 다보스 주차비 | C17: 1056422 | E17: =E16+C17-D17 -> -60062319 | G17: 하나
B18: 김영민(파주 오입금 예상) | C18: 35000 | E18: =E17+C18-D18 -> -60027319 | G18: 하나
A19: 46058 | B19: 다보스 주차비 | C19: 459970 | E19: =E18+C19-D19 -> -59567349 | G19: 하나
A20: 46059 | B20: 다보스 주차비 | C20: 318819 | E20: =E19+C20-D20 -> -59248530 | G20: 하나
B21: (주)삼구아이앤씨-소노벨 룸메이드 | C21: 35537260 | E21: =E20+C21-D21 -> -23711270 | F21: 46054 | G21: 우리
B22: 주식회사 우림 | D22: 31147600 | E22: =E21+C22-D22 -> -54858870 | G22: 우리
B23: 이경미 | D23: 1500000 | E23: =E22+C23-D23 -> -56358870 | G23: 우리
B24: 인건비 | D24: 61890 | E24: =E23+C24-D24 -> -56420760 | G24: 우리
A25: 46060 | B25: 인건비 | D25: 282370 | E25: =E24+C25-D25 -> -56703130 | G25: 우리
A26: 46061 | B26: 인건비 | D26: 162460 | E26: =E25+C26-D26 -> -56865590 | G26: 우리
A27: 46062 | B27: KB라이프생명 | C27: 2236911 | E27: =E26+C27-D27 -> -54628679 | F27: 약관대출 | G27: 기업
B28: 다보스 주차비 | C28: 436526 | E28: =E27+C28-D28 -> -54192153 | G28: 하나
B29: 조은커뮤니-H | D29: 38500 | E29: =E28+C29-D29 -> -54230653 | G29: 하나
B30: 이승상 | D30: 100000 | E30: =E29+C30-D30 -> -54330653 | F30: 다보스병원 미끄럼사고 KB 손해보험 자기부담금 | G30: 하나
B31: 75698007209642-00001 | D31: 840142 | E31: =E30+C31-D31 -> -55170795 | G31: 하나
B32: 김영민 | D32: 35000 | E32: =E31+C32-D32 -> -55205795 | F32: 2/4 오입금분 반환지급 | G32: 하나
B33: 삼성생명보험 | C33: 5000000 | E33: =E32+C33-D33 -> -50205795 | F33: 약관대출 | G33: 우리
A34: 46063 | B34: 다보스 주차비 | C34: 513002 | E34: =E33+C34-D34 -> -49692793 | G34: 하나
B35: 1/21~말일 케이엠파크 미지급급여 | D35: 19665770 | E35: =E34+C35-D35 -> -69358563 | G35: 하나
B36: 다보스 급여 | D36: 11904940 | E36: =E35+C36-D36 -> -81263503 | G36: 하나
B37: (의)영문의료재단 | D37: 432000 | E37: =E36+C37-D37 -> -81695503 | G37: 하나
B38: 최성수-다보스 인건비 | D38: 386800 | E38: =E37+C38-D38 -> -82082303 | G38: 하나
B39: 김동빈-다보스 인건비 | D39: 386800 | E39: =E38+C39-D39 -> -82469103 | G39: 하나
B40: 조창희-다보스 인건비 | D40: 145050 | E40: =E39+C40-D40 -> -82614153 | G40: 하나
B41: (주)케이엠파크 | C41: 106475875 | E41: =E40+C41-D41 -> 23861722 | F41: 46053 | G41: 기업
B42: SMS통지수수료 | D42: 900 | E42: =E41+C42-D42 -> 23860822 | G42: 기업
B43: 임원급여(이경미) | D43: 4000000 | E43: =E42+C43-D43 -> 19860822 | G43: 기업
B44: 직원급여(5명) | D44: 14100000 | E44: =E43+C44-D44 -> 5760821.7 | G44: 기업
B45: 퇴직금중간정산(서윤미) | D45: 2600000 | E45: =E44+C45-D45 -> 3160821.7 | G45: 기업
B46: 이경미(신촌) | D46: 12016370 | E46: =E45+C46-D46 -> -8855548.3 | G46: 기업
B47: 이경미(용인) | D47: 2700000 | E47: =E46+C47-D47 -> -11555548 | G47: 기업
B48: 완도급여(2명) | D48: 4289820 | E48: =E47+C48-D48 -> -15845368 | G48: 기업
B49: 보육진흥원급여(이선경) | D49: 483280 | E49: =E48+C49-D49 -> -16328648 | G49: 기업
B50: 박준식-경비수수료 | D50: 200000 | E50: =E49+C50-D50 -> -16528648 | G50: 기업
B51: 명절상여금(5명) | D51: 1500000 | E51: =E50+C51-D51 -> -18028648 | G51: 기업
B52: 주식회사우림 | D52: 9747612 | E52: =E51+C52-D52 -> -27776260 | G52: 기업
B53: 국민건강2601 | D53: 2303900 | E53: =E52+C53-D53 -> -30080160 | G53: 기업
... B61: 인건비 | D61: 42550 | E61: =E60+C61-D61 -> -36259370 | G61: 우리
A62: 46064 | B62: 배옥현 | D62: 430000 | E62: =E61+C62-D62 -> -36689370 | F62: 소노벨 기숙사 월세 | G62: 기업
B63: 심재은 | D63: 400000 | E63: =E62+C63-D63 -> -37089370 | F63: 소노벨 기숙사 월세 | G63: 기업 | I63: 고선옥 | J63: 2900000
B64: 장성호 | D64: 400000 | E64: =E63+C64-D64 -> -37489370 | F64: 소노벨 기숙사 월세 | G64: 기업 | I64: 허다경 | J64: 2700000
B65: 마시원 | D65: 400000 | E65: =E64+C65-D65 -> -37889370 | F65: 소노벨 기숙사 월세 | G65: 기업 | I65: 전가희 | J65: 2700000
B66: 정근미 | D66: 400000 | E66: =E65+C66-D66 -> -38289370 | F66: 소노벨 기숙사 월세 | G66: 기업 | I66: 김야헌 | J66: 3100000
B67: 장성호 | D67: 420000 | E67: =E66+C67-D67 -> -38709370 | F67: 소노벨 기숙사 월세 | G67: 기업 | I67: 서윤미 | J67: 2700000
B68: 다보스 주차비 | C68: 1104951 | E68: =E67+C68-D68 -> -37604419 | G68: 하나 | I68: 급여 | J68: =SUM(J60:J67) -> 14100000
B69: 이지우-KM인건비 | D69: 105410 | E69: =E68+C69-D69 -> -37709829 | G69: 하나
B70: 설지훈-KM인건비 | D70: 724290 | E70: =E69+C70-D70 -> -38434119 | G70: 하나
B71: 서울보증보험 | D71: 6350 | E71: =E70+C71-D71 -> -38440469 | F71: 한국보육진흥원 수정계약 보증보험료 | G71: 기업 | I71: 서윤미 | J71: 2600000
B72: 조은커뮤니 | D72: 27500 | E72: =E71+C72-D72 -> -38467969 | G72: 기업 | I72: 퇴직금 | J72: =SUM(J69:J71) -> 2600000
B73: 인건비 | D73: 42550 | E73: =E72+C73-D73 -> -38510519 | G73: 기업
A74: 46065 | B74: 다보스 주차비 | C74: 396018 | E74: =E73+C74-D74 -> -38114501 | G74: 하나 | I74: 허다경 | J74: 0 | K74: 826 | L74: ->40만원 대표님이 개인적으로 지급
B75: 신화에스피씨주식회사 | C75: 687500 | E75: =E74+C75-D75 -> -37427001 | F75: 채움꺼 오입금 | G75: 기업 | I75: 전가희 | J75: 0 | K75: 275 | L75: 4000000 | M75: 임원급여
A76: 46066 | B76: 주식회사채움서비스 | D76: 687500 | E76: =E75+C76-D76 -> -38114501 | F76: 신화에스피씨에서 휴먼으로 오입금해서 채움으로 송금 | G76: 기업 | I76: 인센티브 | J76: =SUM(J73:J75) -> 0 | L76: =J68+J72 -> 16700000 | M76: 직원급여
B77: 이선경 | D77: 100000 | E77: =E76+C77-D77 -> -38214501 | F77: 한국보육진흥원 파견직원 명절상여금 | G77: 기업 | L77: =J80+J86+J94+J102 -> 16678040 | M77: 파견직원급여
B78: 삼성화02016 | D78: 300000 | E78: =E77+C78-D78 -> -38514501 | G78: 기업 | I78: 염경선 | J78: 2134960 | L78: =SUM(L75:L77) -> 37378040 | M78: 합계
B79: 다보스 주차비 | C79: 346543 | E79: =E78+C79-D79 -> -38167958 | G79: 하나 | I79: 김규준 | J79: 2154860
B80: (주)삼구아이앤씨-소노벨 룸메이드 | C80: 35266000 | E80: =E79+C80-D80 -> -2901958.3 | F80: 46061 | G80: 우리 | I80: 완도 | J80: =SUM(J77:J79) -> 4289820
B81: (주)삼구아이앤씨-소노캄 룸메이드 | C81: 23691036 | E81: =E80+C81-D81 -> 20789078 | F81: 2/1, 2/8 | G81: 우리 | H81: 11만원 덜들어옴
B82: 주식회사 우림 | D82: 14053424 | E82: =E81+C82-D82 -> 6735653.7 | G82: 우리
B83: 주식회사 우림 | D83: 36242250 | E83: =E82+C83-D83 -> -29506596 | G83: 우리
B84: 1221000428172 | D84: 6693023 | E84: =E83+C84-D84 -> -36199619 | G84: 우리
A85: 46067 | B85: 인건비 | D85: 162460 | E85: =E84+C85-D85 -> -36362079 | G85: 우리 | I85: 이선경 | J85: 483280
A86: 46068 | B86: 인건비 | D86: 162460 | E86: =E85+C86-D86 -> -36524539 | G86: 우리 | I86: 보육 | J86: =SUM(J82:L85) -> 483280
A87: 46069 | B87: 인건비 | D87: 162460 | E87: =E86+C87-D87 -> -36686999 | G87: 우리 | I87: 김남준 | J87: 2044440
A88: 46070 | B88: 인건비 | D88: 162460 | E88: =E87+C88-D88 -> -36849459 | G88: 우리 | I88: 백성윤 | J88: 2196570
A89: 46071 | B89: 인건비 | D89: 162460 | E89: =E88+C89-D89 -> -37011919 | G89: 우리 | I89: 송인섭 | J89: 2044440
A90: 46072 | B90: 다보스 주차비 | C90: 376358 | E90: =E89+C90-D90 -> -36635561 | G90: 하나 | I90: 오기제 | J90: 2732130
B91: 주식회사 스마트피엔 | D91: 1375658 | E91: =E90+C91-D91 -> -38011219 | G91: 하나 | I91: 오은선 | J91: 222590
B92: 박윤석 | C92: 850 | E92: =E91+C92-D92 -> -38010369 | F92: 파주오입금 예상 | G92: 하나 | I92: 정영규 | J92: 2364390
B93: BNK캐피탈 | D93: 437200 | E93: =E92+C93-D93 -> -38447569 | G93: 기업 | I93: 최성수 | J93: 300380
B94: 아마존카 | D94: 507100 | E94: =E93+C94-D94 -> -38954669 | G94: 기업 | I94: 다보스 | J94: =SUM(J87:J93) -> 11904940
B95: 삼성생명약대 | D95: 1294371 | E95: =E94+C95-D95 -> -40249040 | G95: 기업
B96: 롯데카드 | D96: 2298967 | E96: =E95+C96-D96 -> -42548007 | G96: 기업
B97: 롯데카드 | D97: 1051770 | E97: =E96+C97-D97 -> -43599777 | G97: 기업
B98: 롯데카드 | D98: 15400 | E98: =E97+C98-D98 -> -43615177 | G98: 기업
B99: 16일 이자 | C99: 453 | E99: =E98+C99-D99 -> -43614724 | G99: 기업
A100: 46073 | B100: 다보스 주차비 | C100: 725498 | E100: =E99+C100-D100 -> -42889226 | G100: 하나
B101: 2/1~10일 케이엠파크 미지급급여 | D101: 16622450 | E101: =E100+C101-D101 -> -59511676 | G101: 하나
B102: 김동빈-다보스 인건비 | D102: 338450 | E102: =E101+C102-D102 -> -59850126 | G102: 하나 | J102: =SUM(J96:L101) -> 0
B103: 양승준 | D103: 100000 | E103: =E102+C103-D103 -> -59950126 | F103: 다보스병원 KB 손해보험 자기부담금 | G103: 하나
B104: 주식회사 채움서비스 | C104: 20000000 | E104: =E103+C104-D104 -> -39950126 | F104: 잔액없음 | G104: 기업
B105: KB생대출상환 | D105: 26275 | E105: =E104+C105-D105 -> -39976401 | G105: 기업
B106: 웍스피어유한책임회 | D106: 3400000 | E106: =E105+C106-D106 -> -43376401 | G106: 기업 | J106: 850000 | K106: 8일 하나대출이자48504 | N106: 신한은행
A107: 46074 | B107: 인건비 | D107: 282370 | E107: =E106+C107-D107 -> -43658771 | G107: 우리 | J107: 4000000 | K107: 10일 임원급여 | N107: 4500000 | O107: 29일 중진공 대출이자(3/3)
...

Sheet 1월
A1: 날짜 | B1: 적요 | C1: 입금액(원) | D1: 출금액(원) | E1: 잔액(원) | F1: 계산서발행일 | G1: 계좌 | I1: 통장잔고 | J1: =L1+N1+P1+R1+T1+V1 -> -60314464 | K1: 기업 | L1: 919660 | M1: 하나 | N1: =38524+713552 -> 752076 | O1: 우리 | P1: -63084800 | Q1: 신한 | R1: 168010 | S1: 농협 | T1: 930590 | U1: 국민
A2: 전월이월 | E2: -56067066
A3: 46023 | B3: 파주 주차비 | C3: 42100 | E3: =E2+C3-D3 -> -56024966 | G3: 하나
B4: 인건비 | D4: 162460 | E4: =E3+C4-D4 -> -56187426 | G4: 기업
A5: 46024 | B5: 다보스 주차비 | C5: 456982 | E5: =E4+C5-D5 -> -55730444 | G5: 하나
B6: 파주 주차비 | C6: 276346 | E6: =E5+C6-D6 -> -55454098 | G6: 하나
B7: 주식회사 쏘카 | C7: 440000 | E7: =E6+C7-D7 -> -55014098 | G7: 하나
B8: 국민윤희중-다보스 인건비 | D8: 241750 | E8: =E7+C8-D8 -> -55255848 | G8: 우리
B9: 농협한승철-다보스 인건비 | D9: 193400 | E9: =E8+C9-D9 -> -55449248 | G9: 우리
B10: 신한김동영-파주 인건비 | D10: 483500 | E10: =E9+C10-D10 -> -55932748 | G10: 우리
B11: 신한황태원(황태원)-다보스 생수 | D11: 28600 | E11: =E10+C11-D11 -> -55961348 | G11: 우리
B12: 농협한전(문산분회)-파주 전기요금 | D12: 122190 | E12: =E11+C12-D12 -> -56083538 | G12: 우리
B13: 농협이가영-금촌 식대 | D13: 37000 | E13: =E12+C13-D13 -> -56120538 | G13: 우리
B14: 인건비 | D14: 1764810 | E14: =E13+C14-D14 -> -57885348 | G14: 기업
A15: 46025 | B15: 파주 주차비 | C15: 1000 | E15: =E14+C15-D15 -> -57884348 | G15: 하나
B16: 인건비 | D16: 181800 | E16: =E15+C16-D16 -> -58066148 | G16: 기업
A17: 46026 | B17: 인건비 | D17: 162460 | E17: =E16+C17-D17 -> -58228608 | G17: 기업
A18: 46027 | B18: (주)삼구아이앤씨-소노벨 룸메이드 | C18: 34674420 | E18: =E17+C18-D18 -> -23554188 | F18: 46019 | G18: 우리
B19: 이경미 | D19: 26500000 | E19: =E18+C19-D19 -> -50054188 | G19: 우리
B20: 다보스 주차비 | C20: 413892 | E20: =E19+C20-D20 -> -49640296 | G20: 하나
B21: 파주 주차비 | C21: 128185 | E21: =E20+C21-D21 -> -49512111 | G21: 하나
A22: 46028 | B22: 다보스 주차비 | C22: 688049 | E22: =E21+C22-D22 -> -48824062 | G22: 하나
B23: 파주 주차비 | C23: 75791 | E23: =E22+C23-D23 -> -48748271 | G23: 하나
B24: 도봉（２１０） | D24: 6000000 | E24: =E23+C24-D24 -> -54748271 | F24: 부가가치세 납부 | G24: 기업
A25: 46029 | B25: 다보스 주차비 | C25: 1032797 | E25: =E24+C25-D25 -> -53715474 | G25: 하나
B26: 파주 주차비 | C26: 2164 | E26: =E25+C26-D26 -> -53713310 | G26: 하나
A27: 46030 | B27: 다보스 주차비 | C27: 361108 | E27: =E26+C27-D27 -> -53352202 | G27: 하나
B28: 75698007209642-00001 | D28: 748756 | E28: =E27+C28-D28 -> -54100958 | F28: 대출이자 | G28: 하나
A29: 46031 | B29: (주)삼구아이앤씨 | C29: 49743045 | E29: =E28+C29-D29 -> -4357913.3 | F29: 46026 | G29: 우리
B30: (주)삼구아이앤씨 | C30: 7353918 | E30: =E29+C30-D30 -> 2996004.7 | F30: 46026 | G30: 우리
B31: 주식회사 우림 | D31: 55816618 | E31: =E30+C31-D31 -> -52820613 | F31: 소노벨, 소노캄 | G31: 우리
B32: 토뱅최원희-다보스 인건비 | D32: 48350 | E32: =E31+C32-D32 -> -52868963 | G32: 우리
B33: 국민윤희중-다보스 인건비 | D33: 145050 | E33: =E32+C33-D33 -> -53014013 | G33: 우리
B34: 다보스 주차비 | C34: 355533 | E34: =E33+C34-D34 -> -52658480 | G34: 하나
B35: 조은커뮤니-H | D35: 38500 | E35: =E34+C35-D35 -> -52696980 | G35: 하나
B36: 이경미 | C36: 13000000 | E36: =E35+C36-D36 -> -39696980 | G36: 기업
A37: 46032 | B37: 12/21~말일 케이엠파크 미지급급여 | D37: 8246190 | E37: =E36+C37-D37 -> -47943170 | G37: 우리
B38: 소재덕? | D38: 91865 | E38: =E37+C38-D38 -> -48035035 | G38: 우리
B39: 완도급여(2명) | D39: 4168940 | E39: =E38+C39-D39 -> -52203975 | G39: 기업
B40: 박준식-경비수수료 | D40: 200000 | E40: =E39+C40-D40 -> -52403975 | G40: 기업
B41: 인건비 | D41: 419690 | E41: =E40+C41-D41 -> -52823665 | G41: 기업
A42: 46033 | B42: 인건비 | D42: 181800 | E42: =E41+C42-D42 -> -53005465 | G42: 기업
A43: 46034 | B43: 다보스 주차비 | C43: 397300 | E43: =E42+C43-D43 -> -52608165 | G43: 하나
B44: 신화에스피씨주식회사-김포현대 | C44: 8112500 | E44: =E43+C44-D44 -> -44495665 | F44: 46020 | G44: 기업
B45: (주)케이엠파크 | C45: 122627311 | E45: =E44+C45-D45 -> 78131646 | F45: 46022 | G45: 기업
B46: 임원급여(이경미) | D46: 4000000 | E46: =E45+C46-D46 -> 74131646 | G46: 기업
B47: 직원급여(5명) | D47: 13400000 | E47: =E46+C47-D47 -> 60731646 | G47: 기업
B48: 이경미(신촌) | D48: 13556930 | E48: =E47+C48-D48 -> 47174716 | G48: 기업
B49: 이경미(용인) | D49: 2500000 | E49: =E48+C49-D49 -> 44674716 | G49: 기업
B50: 잡코리아（유） | D50: 3400000 | E50: =E49+C50-D50 -> 41274716 | F50: 알바몬 2/3 | G50: 기업
B51: 주식회사피앤케이네 | D51: 14967561 | E51: =E50+C51-D51 -> 26307155 | G51: 기업
B52: 배옥현 | D52: 430000 | E52: =E51+C52-D52 -> 25877155 | F52: 소노벨 기숙사 월세 | G52: 기업
B53: 심재은 | D53: 400000 | E53: =E52+C53-D53 -> 25477155 | F53: 소노벨 기숙사 월세 | G53: 기업
B54: 장성호 | D54: 400000 | E54: =E53+C54-D54 -> 25077155 | F54: 소노벨 기숙사 월세 | G54: 기업
B55: 마시원 | D55: 400000 | E55: =E54+C55-D55 -> 24677155 | F55: 소노벨 기숙사 월세 | G55: 기업
B56: 정근미 | D56: 400000 | E56: =E55+C56-D56 -> 24277155 | F56: 소노벨 기숙사 월세 | G56: 기업
B57: 장성호 | D57: 420000 | E57: =E56+C57-D57 -> 23857155 | F57: 소노벨 기숙사 월세 | G57: 기업
B58: 국세조회일괄납부012600000 | D58: 2713700 | E58: =E57+C58-D58 -> 21143455 | F58: 사업소득세 | G58: 기업
B59: 국세조회일괄납부012600000 | D59: 541670 | E59: =E58+C59-D59 -> 20601785 | F59: 근로소득세 | G59: 기업
B60: 지방세납부 | D60: 324990 | E60: =E59+C60-D60 -> 20276795 | G60: 기업
B61: 조은커뮤니 | D61: 27500 | E61: =E60+C61-D61 -> 20249295 | G61: 기업
B62: 국민건강2512 | D62: 2987500 | E62: =E61+C62-D62 -> 17261795 | G62: 기업
B63: 국민연금2512 | D63: 2963920 | E63: =E62+C63-D63 -> 14297875 | G63: 기업
B64: 산재보험2512 | D64: 199390 | E64: =E63+C64-D64 -> 14098485 | G64: 기업
B65: 고용보험2512 | D65: 444600 | E65: =E64+C65-D65 -> 13653885 | G65: 기업
B66: 합산보험2512 | D66: 361070 | E66: =E65+C66-D66 -> 13292815 | G66: 기업
B67: 다보스 근무자 급여 | D67: 12263778 | E67: =E66+C67-D67 -> 1029036.7 | G67: 우리
B68: 파주 근무자 급여 | D68: 7162854 | E68: =E67+C68-D68 -> -6133817.3 | G68: 우리
B69: 신한(의)영문의료재 | D69: 678000 | E69: =E68+C69-D69 -> -6811817.3 | F69: 46022 | G69: 우리
B70: 신한(의)영문의료재 | D70: 1650000 | E70: =E69+C70-D70 -> -8461817.3 | F70: 46016 | G70: 우리
B71: 나이스파크 | D71: 440000 | E71: =E70+C71-D71 -> -8901817.3 | F71: 46016 | G71: 우리
B72: 기업(주)새롬소프트 | D72: 3300000 | E72: =E71+C72-D72 -> -12201817 | F72: 45951 | G72: 우리
A73: 46035 | B73: 다보스 주차비 | C73: 621125 | E73: =E72+C73-D73 -> -11580692 | G73: 하나
B74: 파주 주차비 | C74: 1500 | E74: =E73+C74-D74 -> -11579192 | F74: 파주 주차장 계약기간 종료됐는데 오입금 | G74: 하나
B75: 통장재발행 2천원 + 6150원 otp카드 구입비 | D75: 8150 | E75: =E74+C75-D75 -> -11587342 | G75: 하나
B76: 1221000428172 | D76: 6710063 | E76: =E75+C76-D76 -> -18297405 | F76: 대출원금+이자 | G76: 우리
B77: 국민한종찬 | D77: 106062 | E77: =E76+C77-D77 -> -18403467 | F77: 다보스 퇴직자 연차수당 | G77: 우리
B78: 이경미 | D78: 3000000 | E78: =E77+C78-D78 -> -21403467 | G78: 기업
B79: 삼성화01015 | D79: 300000 | E79: =E78+C79-D79 -> -21703467 | G79: 기업
A80: 46036 | B80: 다보스 주차비 | C80: 875424 | E80: =E79+C80-D80 -> -20828043 | G80: 하나
B81: 롯데카드 | D81: 1599750 | E81: =E80+C81-D81 -> -22427793 | G81: 기업
B82: 롯데카드 | D82: 1395310 | E82: =E81+C82-D82 -> -23823103 | G82: 기업
B83: 롯데카드 | D83: 27700 | E83: =E82+C83-D83 -> -23850803 | G83: 기업
A84: 46037 | B84: BNK캐피탈 | D84: 437200 | E84: =E83+C84-D84 -> -24288003 | G84: 기업
B85: 아마존카 | D85: 507100 | E85: =E84+C85-D85 -> -24795103 | G85: 기업
B86: 삼성생명약대 | D86: 1294268 | E86: =E85+C86-D86 -> -26089371 | G86: 기업
B87: 다보스 주차비 | C87: 277313 | E87: =E86+C87-D87 -> -25812058 | G87: 하나 | I87: 고선옥 | J87: 2800000
A88: 46038 | B88: (주)삼구아이앤씨-소노벨 룸메이드 | C88: 38552030 | E88: =E87+C88-D88 -> 12739972 | G88: 우리 | I88: 허다경 | J88: 2600000
B89: 이경미 | D89: 40800000 | E89: =E88+C89-D89 -> -28060028 | F89: 소노벨 + 소노캄 기물 + 소노캄 외국인 공급가액만 + 주재형500 | G89: 우리 | I89: 전가희 | J89: 2400000
B90: 다보스 주차비 | C90: 354529 | E90: =E89+C90-D90 -> -27705499 | G90: 하나 | I90: 김야헌 | J90: 3000000
B91: 파주 주차비 | C91: 500 | D91: 1500 | E91: =E90+C91-D91 -> -27706499 | F91: 심삼순 오입금/노영찬 오입금분 출금완료 | G91: 하나 | I91: 서윤미 | J91: 2600000
B92: （주）휴먼엠에스＿Ｊ | D92: 28990 | E92: =E91+C92-D92 -> -27735489 | F92: 소노벨 기숙사 가스비-센트레힐 807호 계약종료 | G92: 기업 | I92: 급여 | J92: =SUM(J84:J91) -> 13400000
B93: 인건비 | D93: 42550 | E93: =E92+C93-D93 -> -27778039 | G93: 기업
A94: 46039 | B94: 인건비 | D94: 224350 | E94: =E93+C94-D94 -> -28002389 | G94: 기업 | R94: =1295378-12160 -> 1283218
A95: 46041 | B95: 다보스 주차비 | C95: 414726 | E95: =E94+C95-D95 -> -27587663 | G95: 하나
B96: 2026결산 | C96: 729 | E96: =E95+C96-D96 -> -27586934 | G96: 기업 | I96: 퇴직금 | J96: =SUM(J93:J95) -> 0
B97: 주식회사금강주택관리 | D97: 407410 | E97: =E96+C97-D97 -> -27994344 | F97: 소노벨 기숙사 관리비-센트레힐 807호 계약종료 | G97: 기업
B98: 인건비 | D98: 162460 | E98: =E97+C98-D98 -> -28156804 | G98: 기업 | I98: 허다경 | J98: 600000 | K98: 737
A99: 46042 | B99: 다보스 주차비 | C99: 402523 | E99: =E98+C99-D99 -> -27754281 | G99: 하나 | I99: 전가희 | J99: =170000+600000 -> 770000 | K99: 765 | L99: 4000000 | M99: 임원급여
B100: 1/1~10일 케이엠파크 미지급급여 | D100: 14999360 | E100: =E99+C100-D100 -> -42753641 | G100: 하나 | I100: 인센티브 | J100: =SUM(J97:J99) -> 1370000 | L100: =J92+J96 -> 13400000 | M100: 직원급여
...

Sheet 월별사용내역
A1: ** 입금액은 부가세포함가 입니다 / 추후 세금납부시 지출로 잡을예정입니다 ** | AC1: ** 수입, 지출에 포함안됨 **
B2: 수입(A) | C2: 지출(B) | D2: 차액(A-B) | E2: 수입세부(A) | K2: 지출세부(B) | AC2: 대표님( * - 가 수입)
E3: 업체입금 | F3: 통장(이자,개설비) | G3: 환급or반환, 지원금 | H3: 대출 | I3: 하랑(좋은입금) | J3: 세무대체 차액 | K3: 인건비(대체포함) | L3: 업체지급 | M3: 외국인 | N3: 하랑엠에스 | O3: 세무대체자 | P3: 세금 | Q3: 4대보험료 | R3: 직원급여(퇴직금포함) | S3: 임원급여 | T3: 파견직급여 | U3: 적금 | V3: 보험료 | W3: 대출상환 | X3: 광고비 | Y3: 카드 | Z3: 기타운영비(렌트비, 기장료, 수수료, 보증금, 임대료, 비품, 소모품, 직원경조사 등등..) | AA3: 도급용역비용 | AC3: 입금 | AD3: 출금 | AE3: 차액
A4: 2016년 9월 | B4: 23461245 | C4: 29874835 | D4: -6413590 | E4: 23451230 | F4: 10015 | K4: 29866035 | Z4: 8800 | AC4: 12500000 | AD4: 4000000 | AF4: 9월
A5: 10월 | B5: 46107200 | C5: 41821195 | D5: 4286005 | E5: 46107200 | K5: 41310425 | Z5: 510770 | AC5: 7300000 | AD5: 12000000 | AF5: 10월
A6: 11월 | B6: 49971880 | C6: 43276585 | D6: 6695295 | E6: 49971880 | K6: 43014785 | P6: 107050 | Z6: 154750 | AC6: 12400000 | AD6: 20000000 | AF6: 11월
A7: 12월 | B7: 52773421 | C7: 46611054 | D7: 6162367 | E7: 52772040 | F7: 431 | G7: 950 | K7: 45504874 | P7: 352120 | Z7: 754060 | AC7: 23000000 | AD7: 25000000 | AF7: 12월
B8: 172313746 | C8: 161583669 | D8: 10730077 | E8: 172302350 | F8: 10446 | G8: 950 | H8: 0 | I8: 0 | J8: 0 | K8: 159696119 | L8: 0 | M8: 0 | N8: 0 | O8: 0 | P8: 459170 | Q8: 0 | R8: 0 | U8: 0 | Z8: 1428380 | AB8: 0 | AC8: 55200000 | AD8: 61000000 | AE8: 0
A9: 2017년 1월 | B9: 60655130 | C9: 37271562 | D9: 23383568 | E9: 60655130 | K9: 25592702 | P9: 7428090 | Q9: 3372240 | Z9: 878530 | AC9: 2000000 | AD9: 29800000 | AF9: 1월
A10: 2월 | B10: 27346280 | C10: 37427816 | D10: -10081536 | E10: 27336280 | F10: 10000 | K10: 27366715 | P10: 7477800 | Q10: 1023730 | Z10: 1559571 | AC10: 12500000 | AD10: 2000000 | AF10: 2월
A11: 3월 | B11: 37869798 | C11: 40083108 | D11: -2213310 | E11: 37525224 | F11: 534 | G11: 344040 | K11: 29896588 | P11: 200850 | Q11: 1419780 | Z11: 8565890 | AC11: 17400000 | AD11: 15500000 | AF11: 3월
A12: 4월 | B12: 173197292 | C12: 157294970 | D12: 15902322 | E12: 173092975 | G12: 104317 | K12: 141257223 | P12: 3536990 | Q12: 335410 | R12: 8470000 | Z12: 3695347 | AC12: 121200000 | AD12: 129200000 | AF12: 4월
A13: 5월 | B13: 159731154 | C13: 157249360 | D13: 2481794 | E13: 159731154 | K13: 133459155 | P13: 11238920 | Q13: 1480460 | R13: 6470500 | Z13: 4600325 | AC13: 123500000 | AD13: 129700000 | AF13: 5월
A14: 6월 | B14: 93708703 | C14: 82779175 | D14: 10929528 | E14: 93707234 | F14: 1469 | K14: 62192095 | P14: 751740 | Q14: 505570 | R14: 4800000 | Z14: 14529770 | AC14: 27700000 | AD14: 27700000 | AF14: 6월
A15: 7월 | B15: 63767497 | C15: 83087732 | D15: -19320235 | E15: 63767497 | K15: 54724758 | P15: 16136870 | Q15: 4909130 | R15: 2500000 | Z15: 4816974 | AC15: 25400000 | AD15: 19700000 | AE15: 5700000 | AF15: 7월
A16: 8월 | B16: 85115558 | C16: 83730027 | D16: 1385531 | E16: 85115558 | K16: 63614367 | P16: 8515530 | Q16: 3359750 | R16: 4300000 | Z16: 3940380 | AC16: 22000000 | AD16: 14000000 | AE16: 8000000 | AF16: 8월
A17: 9월 | B17: 154082015 | C17: 137956944 | D17: 16125071 | E17: 153924315 | F17: 900 | G17: 156800 | K17: 125434584 | P17: 131590 | Q17: 702670 | R17: 7500000 | Z17: 4188100 | AC17: 46650000 | AD17: 48000000 | AE17: -1350000 | AF17: 9월
A18: 10월 | B18: 134634961 | C18: 155441205 | D18: -20806244 | E18: 134474761 | G18: 160200 | K18: 108844845 | P18: 28967590 | Q18: 749390 | R18: 10230000 | Z18: 6649380 | AC18: 25300000 | AD18: 29150000 | AE18: -3850000 | AF18: 10월
A19: 11월 | B19: 137497607 | C19: 123303940 | D19: 14193667 | E19: 137419556 | G19: 78051 | K19: 96613300 | P19: 12994930 | Q19: 2171420 | R19: 6200000 | Z19: 5324290 | AC19: 37000000 | AD19: 50500000 | AE19: -13500000 | AF19: 11월
A20: 12월 | B20: 184681215 | C20: 176328577 | D20: 8352638 | E20: 184370774 | F20: 5606 | G20: 304835 | K20: 163238843 | P20: 630680 | Q20: 1659800 | R20: 5000000 | Z20: 5799254 | AC20: 60500000 | AD20: 66500000 | AE20: -6000000 | AF20: 12월
B21: 1312287210 | C21: 1271954416 | D21: 40332794 | E21: 1311120458 | F21: 18509 | G21: 1148243 | H21: 0 | I21: 0 | J21: 0 | K21: 1032235175 | L21: 0 | M21: 0 | N21: 0 | O21: 0 | P21: 98011580 | Q21: 21689350 | R21: 55470500 | U21: 0 | Z21: 64547811 | AB21: 0 | AC21: 521150000 | AD21: 561750000 | AE21: -11000000
A22: 2018년 1월 | B22: 234040202 | C22: 266016223 | D22: -31976021 | E22: 224040202 | G22: 10000000 | K22: 109553905 | M22: 48068203 | O22: 62670310 | P22: 30721910 | Q22: 1639100 | R22: 4247272 | Z22: 9115523 | AC22: 36500000 | AD22: 7000000 | AE22: 29500000 | AF22: 1월 | AG22: ← 내역에 포함안됨
A23: 2월 | B23: 216607884 | C23: 200936192 | D23: 15671692 | E23: 216048034 | G23: 559850 | K23: 103808931 | M23: 70234150 | P23: 14031950 | Q23: 324540 | R23: 5142741 | Z23: 7393880 | AC23: 20200000 | AD23: 27000000 | AE23: -6800000 | AF23: 2월 | AG23: 43353 | AH23: -30000000 | AI23: som→신한
A24: 3월 | B24: 203888066 | C24: 157701132 | D24: 46186934 | E24: 203876171 | F24: 11895 | K24: 71711985 | M24: 60798134 | P24: 10500220 | Q24: 1968060 | R24: 5290000 | Z24: 7432733 | AC24: 13000000 | AD24: 24700000 | AE24: -11700000 | AF24: 3월 | AG24: 43399 | AH24: -3000000 | AI24: som→신한
A25: 4월 | B25: 79247300 | C25: 126642631 | D25: -47395331 | E25: 77787300 | I25: 1460000 | K25: 66180165 | M25: 164390 | P25: 48400640 | Q25: 2086810 | R25: 4000000 | Z25: 5810626 | AC25: 19000000 | AD25: 14000000 | AE25: 5000000 | AF25: 4월 | AG25: 43405 | AH25: -3000000 | AI25: som→신한
A26: 5월 | B26: 192695108 | C26: 196049283 | D26: -3354175 | E26: 190729948 | G26: 1965160 | K26: 82806982 | M26: 32098685 | N26: 48450000 | P26: 9534390 | Q26: 10187270 | R26: 5750000 | Z26: 7221956 | AC26: 21500000 | AD26: 3500000 | AE26: 18000000 | AF26: 5월 | AG26: 43414 | AH26: 5000000 | AI26: 휴먼
A27: 6월 | B27: 187587186 | C27: 140787601 | D27: 46799585 | E27: 157578520 | F27: 8666 | H27: 30000000 | K27: 72566785 | M27: 47085000 | P27: 252540 | Q27: 6847540 | R27: 7600000 | Z27: 6435736 | AC27: 0 | AD27: 5500000 | AE27: -5500000 | AF27: 6월 | AG27: 43422 | AH27: 15000000 | AI27: 휴먼
A28: 7월 | B28: 178673590 | C28: 205926000 | D28: -27252410 | E28: 172931880 | F28: 560 | G28: 1355150 | J28: 4386000 | K28: 128466439 | M28: 51993675 | P28: 11356190 | Q28: 2470120 | R28: 5500000 | Z28: 6139576 | AD28: 7/3 | AE28: -17500000 | AG28: 43426 | AH28: -20000000 | AI28: 휴먼→신한
A29: 8월 | B29: 416314567 | C29: 389246355 | D29: 27068212 | E29: 416114413 | F29: 154 | G29: 200000 | K29: 263840756 | M29: 66874753 | P29: 31886090 | Q29: 2178090 | R29: 18500000 | Z29: 5966666 | AG29: 43442 | AH29: 5000000 | AI29: 휴먼
A30: 9월 | B30: 287649798 | C30: 231884029 | D30: 55765769 | E30: 286569730 | F30: 1319 | G30: 1078749 | K30: 129338232 | M30: 62568225 | P30: 15680910 | Q30: 6380690 | R30: 10316670 | Z30: 7599302 | AG30: 43497 | AH30: -5000000 | AI30: 우리→신한
A31: 10월 | B31: 258712113 | C31: 301934127 | D31: -43222014 | E31: 258688070 | F31: 22 | G31: 24021 | K31: 113470676 | M31: 71983642 | P31: 83909010 | Q31: 9267260 | R31: 8700000 | Z31: 14603539 | AG31: 43528 | AH31: -2000000 | AI31: 우리→신한
A32: 11월 | B32: 231777729 | C32: 221938991 | D32: 9838738 | E32: 230260970 | F32: 2 | G32: 1516757 | K32: 106725165 | M32: 79330793 | P32: 14103620 | Q32: 2091940 | R32: 11700000 | Z32: 7987473 | AB32: ** 2월세무대체자(김명자님) 50,683,000원중 50,150,000원은 재입금되어 533,000원만 지출잡음/ 3월 이계승님 49,317,000원중 49,000,000재입금. 317,000원만 지출잡음 | AG32: 43560 | AH32: -3000000 | AI32: 우리→신한
A33: 12월 | B33: 250548514 | C33: 245302359 | D33: 5246155 | E33: 250531100 | F33: 17414 | K33: 149567445 | M33: 71115555 | P33: 4019690 | Q33: 3322050 | R33: 9880000 | Z33: 7397619 | AB33: 휴먼 대체(우리계좌 or 신고불가) | AG33: 43633 | AH33: -5000000 | AI33: 좋은→신한
B34: 2737742057 | C34: 2684364923 | D34: 53377134 | E34: 2685156338 | F34: 40032 | G34: 16699687 | H34: 30000000 | I34: 1460000 | J34: 4386000 | K34: 1398037466 | L34: 0 | M34: 662315205 | N34: 48450000 | O34: 62670310 | P34: 274397160 | Q34: 48763470 | R34: 96626683 | U34: 0 | Z34: 93104629 | AB34: 0 | AC34: 110200000 | AD34: 81700000 | AE34: 11000000
A35: 2019년 1월 | B35: 344232324 | C35: 306071353 | D35: 38160971 | E35: 343898390 | F35: 53 | G35: 333881 | K35: 118300338 | M35: 82285237 | P35: 85674180 | Q35: 4500230 | R35: 3000000 | Z35: 12311368 | AB35: 171777000 | AC35: 우리-160,000,000/ 신준식-10,400,000/ 미성-1,377,000 | AG35: 43649 | AH35: -60000000 | AI35: 좋은-2천/ 휴먼-4천→신한
A36: 2월 | B36: 197112514 | C36: 157777213 | D36: 39335301 | E36: 197111618 | F36: 896 | K36: 99524465 | M36: 30684100 | O36: 533000 | P36: 3840660 | Q36: 3261460 | R36: 9984800 | Z36: 9948728 | AB36: 16440000 | AC36: 우리-20,000,000출금, 5,000,000입금/ 미성-1,440,000 // 참고(좋은-50,800,000 입/ 신준식-3,200,000출) | AG36: 43661 | AH36: -10000000 | AI36: 좋은→신한
A37: 3월 | B37: 125203434 | C37: 148886563 | D37: -23683129 | E37: 122749528 | F37: 3906 | G37: 2450000 | K37: 76496215 | M37: 36371686 | O37: 317000 | P37: 8313350 | Q37: 1764110 | R37: 13484800 | Z37: 12139402 | AC37: 휴먼가지급금 75,000,000원 | AG37: 43681 | AH37: 35000000 | AI37: 휴먼
A38: 4월 | B38: 171466527 | C38: 195661638 | D38: -24195111 | E38: 171461598 | F38: 4929 | K38: 88829865 | M38: 30947297 | P38: 46790600 | Q38: 2102560 | R38: 17485100 | Z38: 9506216 | AG38: 43698 | AH38: -35000000 | AI38: 휴먼→신한
A39: 5월 | B39: 161406094 | C39: 135818953 | D39: 25587141 | E39: 161134335 | F39: 1759 | G39: 270000 | K39: 100637725 | M39: 8884870 | P39: 4958100 | Q39: 3027550 | R39: 9000300 | Z39: 9310408 | AG39: 43763 | AH39: 3000000 | AI39: 우리
A40: 6월 | B40: 151007601 | C40: 158869719 | D40: -7862118 | E40: 150844249 | F40: 17620 | G40: 145732 | K40: 111871586 | M40: 13657380 | P40: 16649580 | Q40: 2849330 | R40: 5000000 | Z40: 8841843 | AG40: 43795 | AH40: -40614000 | AI40: 홍석민으로 출금
A41: 7월 | B41: 291610837 | C41: 278607012 | D41: 13003825 | E41: 279142490 | F41: 224 | G41: 468123 | H41: 12000000 | K41: 122537360 | M41: 91845315 | P41: 46856580 | Q41: 1831570 | R41: 6267000 | Z41: 9269187 | AG41: 43811 | AH41: 20000000 | AI41: 우리
A42: 8월 | B42: 386178653 | C42: 359700142 | D42: 26478511 | E42: 385560340 | F42: 313 | G42: 618000 | K42: 224100520 | M42: 108929500 | P42: 5906830 | Q42: 3284770 | R42: 7000000 | Z42: 10478522 | AG42: 43835 | AH42: 25000000 | AI42: 우리
A43: 9월 | B43: 384963072 | C43: 294594261 | D43: 90368811 | E43: 384513690 | F43: 1782 | G43: 447600 | K43: 151993625 | M43: 110376470 | P43: 8933450 | Q43: 2224050 | R43: 9800000 | Z43: 11266666 | AG43: 43844 | AH43: -30000000 | AI43: 우리→신한
A44: 10월 | B44: 279426878 | C44: 272604376 | D44: 6822502 | E44: 278934480 | F44: 218 | G44: 492180 | K44: 120728335 | M44: 43984595 | O44: 18145455 | P44: 64672640 | Q44: 1010070 | R44: 17300000 | Z44: 6763281 | AB44: 제이디자인(세무대체-매입) | AG44: 43900 | AH44: -20000000 | AI44: 우리→신한
A45: 11월 | B45: 159293304 | C45: 249936514 | D45: -90643210 | E45: 159194640 | F45: 1964 | G45: 96700 | K45: 126663125 | O45: 40614000 | P45: 50171090 | Q45: 6125780 | R45: 15800000 | U45: 500000 | Z45: 10062519 | AB45: 11/22-오현주 35,295,500원(반환됨) / 11/26-홍석민 40,614,000원(반환안됨) | AH45: -158614000
A46: 12월 | B46: 256923585 | C46: 273734381 | D46: -16810796 | E46: 254451560 | F46: 28075 | G46: 2443950 | K46: 242805830 | M46: 400000 | P46: 6813270 | Q46: 3984920 | R46: 11300000 | U46: 500000 | Z46: 7930361
B47: 2908824823 | C47: 2832262125 | D47: 76562698 | E47: 2888996918 | F47: 61739 | G47: 7766166 | H47: 12000000 | I47: 0 | J47: 0 | K47: 1584488989 | L47: 0 | M47: 558366450 | N47: 0 | O47: 59609455 | P47: 349580330 | Q47: 35966400 | R47: 125422000 | U47: 1000000 | Z47: 117828501 | AB47: 188217000 | AC47: 0 | AD47: 0 | AE47: 0
A48: 2020년 1월 | B48: 339733994 | C48: 306542372 | D48: 33191622 | E48: 338382220 | F48: 5194 | G48: 1346580 | K48: 198872553 | O48: 45014182 | P48: 35319970 | Q48: 2302880 | R48: 15800000 | U48: 500000 | Z48: 8732787 | AB48: 누리서비스 수수료+부가세
A49: 2월 | B49: 313364551 | C49: 380978762 | D49: -67614211 | E49: 311000085 | F49: 5496 | G49: 2358970 | K49: 163847434 | L49: 185000000 | P49: 5725310 | Q49: 2287920 | R49: 14696000 | U49: 500000 | Z49: 8922098 | AB49: 좋은(홍) 6천지급-2천5백반환/ 2천5백에서 1천은 대표님 가지급금처리 (결론 6000-2500-1000=2500)
A50: 3월 | B50: 351292858 | C50: 246999772 | D50: 104293086 | E50: 344894158 | F50: 4121 | G50: 6394579 | K50: 123295025 | L50: 41840120 | M50: 38301619 | P50: 7946520 | Q50: 2353650 | R50: 16842000 | U50: 500000 | Z50: 15920838
A51: 4월 | B51: 168135123 | C51: 0 | D51: 168135123 | E51: 167127944 | F51: 7179 | G51: 1000000
A52: 5월 | B52: 120029535 | C52: 0 | D52: 120029535 | E52: 119542500 | F52: 7035 | G52: 480000
A53: 6월 | B53: 199766600 | C53: 0 | D53: 199766600 | E53: 199499100 | F53: 7500 | G53: 260000
A54: 7월 | B54: 148514655 | C54: 0 | D54: 148514655 | E54: 148288525 | F54: 6130 | G54: 220000
A55: 8월 | B55: 173567697 | C55: 0 | D55: 173567697 | E55: 173420885 | F55: 6812 | G55: 140000
A56: 9월 | B56: 185550710 | C56: 0 | D56: 185550710 | E56: 185274496 | F56: 6214 | G56: 270000
A57: 10월 | B57: 150017308 | C57: 0 | D57: 150017308 | E57: 129745550 | F57: 1758 | G57: 20270000
A58: 11월 | B58: 123174097 | C58: 0 | D58: 123174097 | E58: 116861800 | F58: 2259 | G58: 6310038
A59: 12월 | B59: 128346177 | C59: 0 | D59: 128346177 | E59: 127623100 | F59: 4646 | G59: 718431
B60: 2401493305 | C60: 934520906 | D60: 1466972399 | E60: 2361660363 | F60: 64344 | G60: 39768598 | H60: 0 | I60: 0 | J60: 0 | K60: 486015012 | L60: 226840120 | M60: 38301619 | N60: 0 | O60: 45014182 | P60: 48991800 | Q60: 6944450 | R60: 47338000 | U60: 1500000 | Z60: 33575723 | AB60: 0 | AC60: 0 | AD60: 0 | AE60: 0
A61: 2021년 1월 | B61: 105884925 | C61: 104946780 | D61: 938145 | E61: 105733100 | F61: 1825 | G61: 150000 | K61: 58646378 | P61: 25144540 | Q61: 2063350 | R61: 6500000 | U61: 700000 | V61: 6456876 | Z61: 5435636
A62: 2월 | B62: 88990367 | C62: 161852006 | D62: -72861639 | E62: 88985600 | F62: 4767 | G62: 0 | K62: 113311698 | P62: 24664020 | Q62: 3065820 | R62: 7100000 | U62: 700000 | V62: 6456876 | Z62: 6553592
A63: 3월 | B63: 257333370 | C63: 279252902 | D63: -21919532 | E63: 242327800 | F63: 5570 | G63: 15000000 | K63: 225190421 | P63: 28828320 | Q63: 2674760 | R63: 7431020 | U63: 700000 | V63: 6456876 | Z63: 7971505
A64: 4월 | B64: 264012669 | C64: 209139338 | D64: 54873331 | E64: 263367500 | F64: 6119 | G64: 639050 | K64: 154707542 | P64: 20136330 | Q64: 2494120 | R64: 12200000 | U64: 700000 | V64: 7972776 | Z64: 10928570 | AB64: 4/23 누리서비스 111,524,845<-업체지급으로
A65: 5월 | B65: 238646459 | C65: 249551203 | D65: -10904744 | E65: 238442600 | F65: 3859 | G65: 200000 | K65: 201862514 | P65: 18565730 | Q65: 5694040 | R65: 7767000 | U65: 700000 | V65: 7972776 | Z65: 6989143
A66: 6월 | B66: 238018744 | C66: 248103148 | D66: -10084404 | E66: 237809577 | F66: 9167 | G66: 200000 | K66: 167476862 | P66: 21959310 | Q66: 4250060 | R66: 9096030 | U66: 700000 | V66: 7972776 | Z66: 36648110
A67: 7월 | B67: 259666881 | C67: 248471113 | D67: 11195768 | E67: 253894300 | F67: 4711 | G67: 5767870 | K67: 198923530 | P67: 10707120 | Q67: 4522180 | R67: 12700000 | U67: 1700000 | V67: 7972776 | Z67: 11945507
A68: 8월 | B68: 284270694 | C68: 271959265 | D68: 12311429 | E68: 284064583 | F68: 6111 | G68: 200000 | K68: 222818630 | P68: 13901870 | Q68: 4344160 | R68: 9013000 | U68: 1700000 | V68: 7972776 | Z68: 12208829
A69: 9월 | B69: 302870989 | C69: 243322348 | D69: 59548641 | E69: 302462600 | F69: 8389 | G69: 400000 | K69: 193493685 | P69: 14712300 | Q69: 4238840 | R69: 10506650 | U69: 1700000 | V69: 7972776 | Z69: 10698097
A70: 10월 | B70: 272533156 | C70: 465256037 | D70: -192722881 | E70: 272278550 | F70: 4606 | G70: 250000 | K70: 213953989 | L70: 175533600 | P70: 42665650 | Q70: 4263920 | R70: 9200000 | U70: 1700000 | V70: 7972776 | Z70: 9966102
A71: 11월 | B71: 275940511 | C71: 252809936 | D71: 23130575 | E71: 275684200 | F71: 6311 | G71: 250000 | K71: 191584052 | P71: 19846300 | Q71: 6049510 | R71: 9500000 | U71: 1700000 | V71: 7972776 | Z71: 16157298
A72: 12월 | B72: 412670289 | C72: 334404695 | D72: 78265594 | E72: 412412088 | F72: 8201 | G72: 250000 | K72: 219236526 | L72: 59582140 | P72: 20504070 | Q72: 4586480 | R72: 10334000 | U72: 1700000 | V72: 7972776 | Z72: 10488703
B73: 3000839054 | C73: 3069068771 | D73: -68229717 | E73: 2977462498 | F73: 69636 | G73: 23306920 | H73: 0 | I73: 0 | J73: 0 | K73: 2161205827 | L73: 235115740 | M73: 0 | N73: 0 | O73: 0 | P73: 261635560 | Q73: 48247240 | R73: 111347700 | U73: 14400000 | V73: 91125612 | Z73: 145991092 | AB73: 0 | AC73: 0 | AD73: 0 | AE73: 0
A74: 2022년 1월 | B74: 636903220 | C74: 306027250 | D74: 330875970 | E74: 636747765 | F74: 5455 | G74: 150000 | K74: 195608782 | P74: 61589110 | Q74: 4600900 | R74: 13092730 | S74: 6500000 | U74: 1700000 | V74: 9054906 | W74: 3065065 | X74: 4093800 | Y74: 3282205 | Z74: 3439752 | AD74: 440000000
A75: 2월 | B75: 249823081 | C75: 272403088 | D75: -22580007 | E75: 249816600 | F75: 6481 | K75: 186996456 | P75: 36877470 | Q75: 5200920 | R75: 12350000 | S75: 6500000 | U75: 1700000 | V75: 9702109 | W75: 2000206 | X75: 138740 | Y75: 8148997 | Z75: 2788190 | AC75: 20000000
A76: 3월 | B76: 287784124 | C76: 328110162 | D76: -40326038 | E76: 287778410 | F76: 5714 | K76: 235743541 | P76: 40926040 | Q76: 4454440 | R76: 11966270 | S76: 6500000 | U76: 1700000 | V76: 8444076 | W76: 3014259 | X76: 1781650 | Y76: 3966744 | Z76: 8733142 | AA76: 880000 | AC76: 30000000
A77: 4월 | B77: 326494045 | C77: 313332360 | D77: 13161685 | E77: 326487700 | F77: 6345 | K77: 214915655 | P77: 7927280 | Q77: 5080150 | R77: 15400000 | T77: 7665100 | U77: 1700000 | V77: 8459076 | W77: 44895981 | X77: 38970 | Y77: 4544738 | Z77: 2705410 | AC77: 55000000
A78: 5월 | B78: 420622832 | C78: 663385699 | D78: -242762867 | E78: 420616783 | F78: 6049 | K78: 250220302 | L78: 300000000 | P78: 38591720 | Q78: 3987120 | R78: 18700000 | S78: 6500000 | T78: 7753100 | U78: 1700000 | V78: 8444076 | W78: 2409594 | X78: 4524600 | Y78: 9817087 | Z78: 10738100 | AC78: 195000000 | AD78: 130000000
A79: 6월 | B79: 320967841 | C79: 344180828 | D79: -23212987 | E79: 320964289 | F79: 3552 | K79: 256293031 | P79: 31112580 | Q79: 5195360 | R79: 17168700 | S79: 6500000 | T79: 7664260 | U79: 700000 | V79: 6928176 | W79: 2476076 | X79: 3554700 | Y79: 4001115 | Z79: 2586830 | AC79: 103800000 | AD79: 50000000
A80: 7월 | B80: 391779025 | C80: 453480114 | D80: -61701089 | E80: 391775720 | F80: 3305 | K80: 353232026 | P80: 31592270 | Q80: 4649000 | R80: 19941750 | S80: 6500000 | T80: 7252390 | U80: 700000 | V80: 9966330 | W80: 2454709 | X80: 3866800 | Y80: 9324639 | Z80: 4000200 | AC80: 40000000 | AD80: 50000000
A81: 8월 | B81: 560647660 | C81: 536322333 | D81: 24325327 | E81: 560642368 | F81: 5292 | K81: 399794221 | P81: 56840360 | Q81: 5321760 | R81: 22479200 | S81: 6500000 | T81: 10337660 | U81: 700000 | V81: 8444076 | W81: 2794443 | X81: 3047600 | Y81: 10385346 | Z81: 9677667 | AC81: 30950000
A82: 9월 | B82: 494081084 | C82: 387802363 | D82: 106278721 | E82: 494073736 | F82: 7348 | K82: 276966552 | P82: 32900390 | Q82: 5620100 | R82: 20900000 | S82: 13000000 | T82: 10385360 | U82: 700000 | V82: 8444076 | W82: 2791423 | X82: 4219160 | Y82: 7473502 | Z82: 4401800
A83: 10월 | B83: 376028384 | C83: 404301410 | D83: -28273026 | E83: 376021311 | F83: 7073 | K83: 302329409 | P83: 37840690 | Q83: 6456870 | R83: 16700000 | S83: 6500000 | T83: 10498160 | U83: 700000 | V83: 8444076 | W83: 2780470 | X83: 3089800 | Y83: 6199895 | Z83: 2762040
A84: 11월 | B84: 398824705 | C84: 384972302 | D84: 13852403 | E84: 398817665 | F84: 7040 | K84: 287379955 | P84: 30071590 | Q84: 6186650 | R84: 16900000 | S84: 6500000 | T84: 10551350 | U84: 700000 | V84: 8609076 | W84: 3363630 | X84: 2617000 | Y84: 5429781 | Z84: 3033270 | AA84: 3630000
A85: 12월 | B85: 443368128 | C85: 427114936 | D85: 16253192 | E85: 443361450 | F85: 6678 | K85: 327634207 | P85: 30191300 | Q85: 7030470 | R85: 17500000 | S85: 6500000 | T85: 11596690 | U85: 700000 | V85: 8599076 | W85: 3284518 | X85: 2926000 | Y85: 5952985 | Z85: 2449690 | AA85: 2750000
B86: 4907324129 | C86: 4821432845 | D86: 85891284 | E86: 4907103797 | F86: 70332 | G86: 150000 | H86: 0 | I86: 0 | J86: 0 | K86: 3287114137 | L86: 300000000 | M86: 0 | N86: 0 | O86: 0 | P86: 436460800 | Q86: 63783740 | R86: 203098650 | S86: 78000000 | T86: 83704070 | U86: 13400000 | V86: 103539129 | W86: 75330374 | X86: 33898820 | Y86: 78527034 | Z86: 57316091 | AA86: 7260000 | AB86: 0 | AC86: 474750000 | AD86: 670000000 | AE86: 0
A87: 2023년 1월 | B87: 1226445986 | C87: 807415080 | D87: 419030906 | E87: 1226439160 | F87: 6826 | K87: 228592105 | L87: 434926800 | P87: 72076260 | Q87: 6185950 | R87: 19600000 | S87: 6500000 | T87: 12170700 | U87: 700000 | V87: 8474076 | W87: 3381983 | X87: 4161600 | Y87: 6709136 | Z87: 3936470 | AC87: 210000000 | AD87: 740000000
A88: 2월 | B88: 308262445 | C88: 310386786 | D88: -2124341 | E88: 308255094 | F88: 7351 | K88: 186335380 | P88: 48316540 | Q88: 6251400 | R88: 20000000 | S88: 6500000 | T88: 12835070 | U88: 700000 | V88: 7943076 | W88: 3427554 | X88: 4100000 | Y88: 4699607 | Z88: 4878159 | AA88: 4400000 | AC88: 20000000 | AD88: 20000000
A89: 3월 | B89: 312504021 | C89: 430036818 | D89: -117532797 | E89: 312500105 | F89: 3916 | K89: 224688840 | P89: 120437580 | Q89: 6255720 | R89: 20658340 | S89: 6500000 | T89: 14633870 | U89: 700000 | V89: 7179030 | W89: 2528335 | X89: 4026500 | Y89: 4325633 | Z89: 13702970 | AA89: 4400000 | AG89: 대출(우리은행) | AH89: 300000000
A90: 4월 | B90: 314888843 | C90: 342275506 | D90: -27386663 | E90: 314885010 | F90: 3833 | K90: 225133930 | P90: 66417360 | Q90: 5641560 | R90: 10900000 | T90: 12843500 | U90: 700000 | V90: 7179030 | W90: 2689507 | X90: 265000 | Y90: 3626989 | Z90: 2478630 | AA90: 4400000 | AC90: 30000000
A91: 5월 | B91: 343945442 | C91: 348895090 | D91: -4949648 | E91: 343940850 | F91: 4592 | K91: 286002150 | P91: 23478090 | Q91: 3686430 | R91: 15600000 | U91: 700000 | V91: 7239320 | W91: 2608956 | Y91: 2942214 | Z91: 2237930 | AA91: 4400000 | AC91: 15000000 | AD91: 16000000
A92: 6월 | B92: 384705118 | C92: 323321974 | D92: 61383144 | E92: 384699810 | F92: 5308 | K92: 270429430 | P92: 14395370 | Q92: 3857180 | R92: 13354270 | U92: 700000 | V92: 7179030 | W92: 2862281 | Y92: 3497653 | Z92: 2646760 | AA92: 4400000 | AD92: 11000000
A93: 7월 | B93: 369259703 | C93: 449374416 | D93: -80114713 | E93: 369255370 | F93: 4333 | K93: 286430920 | P93: 106751840 | Q93: 4456600 | R93: 15877620 | T93: 4002770 | V93: 8900990 | W93: 7974595 | X93: 109360 | Y93: 3531931 | Z93: 4897790 | AA93: 6440000 | AC93: 110000000 | AD93: 143000000
A94: 8월 | B94: 431993931 | C94: 372214200 | D94: 59779731 | E94: 431991580 | F94: 2351 | K94: 295224614 | P94: 17211720 | Q94: 5870150 | R94: 15700000 | T94: 16191520 | V94: 8866030 | W94: 7486077 | X94: 64000 | Y94: 3144349 | Z94: 2455740 | AC94: 30000000 | AD94: 50000000
A95: 9월 | B95: 373987593 | C95: 319196613 | D95: 54790980 | E95: 373981600 | F95: 5993 | K95: 231462125 | P95: 9480370 | Q95: 5637190 | R95: 16250000 | T95: 17002280 | V95: 9872680 | W95: 6087003 | X95: 424600 | Y95: 8789335 | Z95: 4236030 | AA95: 9955000 | AD95: 15000000
A96: 10월 | B96: 348886357 | C96: 365391514 | D96: -16505157 | E96: 348880165 | F96: 6192 | K96: 255809130 | P96: 37641580 | Q96: 5822390 | R96: 13100000 | S96: 6500000 | T96: 16843920 | V96: 11800234 | W96: 8751529 | X96: 1262030 | Y96: 4972761 | Z96: 2887940 | AD96: 2000000 | AG96: 박봉철, 주재형 | AH96: 55000000
A97: 11월 | B97: 355784422 | C97: 353508696 | D97: 2275726 | E97: 355778926 | F97: 5496 | K97: 234483640 | P97: 38108190 | Q97: 6354850 | R97: 13400000 | S97: 6500000 | T97: 22522920 | V97: 15861148 | W97: 7438027 | Y97: 4612351 | Z97: 2417570 | AA97: 1810000
A98: 12월 | B98: 355757682 | C98: 418701340 | D98: -62943658 | E98: 355754120 | F98: 3562 | K98: 303444165 | P98: 37532180 | Q98: 6184170 | R98: 13300000 | S98: 6500000 | T98: 19594200 | V98: 15854671 | W98: 7370625 | X98: 1848000 | Y98: 4178339 | Z98: 2894990
B99: 5126421543 | C99: 4840718033 | D99: 285703510 | E99: 5126361790 | F99: 59753 | G99: 0 | H99: 0 | I99: 0 | J99: 0 | K99: 3028036429 | L99: 434926800 | M99: 0 | N99: 0 | O99: 0 | P99: 591847080 | Q99: 66203590 | R99: 187740230 | S99: 39000000 | T99: 148640750 | U99: 4200000 | V99: 116349315 | W99: 62606472 | X99: 16261090 | Y99: 55030298 | Z99: 49670979 | AA99: 40205000 | AB99: 0 | AC99: 415000000 | AD99: 997000000 | AE99: 0
A100: 2024년 1월 | B100: 572112551 | C100: 547903485 | D100: 24209066 | E100: 572110396 | F100: 2155 | K100: 276713520 | L100: 150916700 | P100: 38982130 | Q100: 6065280 | R100: 13600000 | S100: 6500000 | T100: 18404080 | V100: 15920284 | W100: 7565257 | X100: 3650000 | Y100: 4428344 | Z100: 5034590 | AA100: 123300 | AC100: 2000000 | AD100: 29000000
...

Sheet 거래처입금내역
B1: 2016년10월 | C1: 2016년11월 | D1: 2016년12월 | E1: 2017년1월 | F1: 2017년2월 | G1: 2017년3월 | H1: 2017년4월 | I1: 2017년5월 | J1: 2017년6월 | K1: 2017년7월 | L1: 2017년8월 | M1: 2017년9월 | N1: 2017년10월 | O1: 2017년11월 | P1: 2017년12월 | Q1: 2018년1월 | R1: 2018년2월 | S1: 2018년3월 | T1: 2018년4월 | U1: 2018년5월 | V1: 2018년6월 | W1: 2018년7월 | X1: 2018년8월 | Y1: 2018년9월 | Z1: 2018년10월 | AA1: 2018년11월 | AB1: 2018년12월 | AC1: 2019년1월 | AD1: 2019년2월 | AE1: 2019년3월 | AF1: 2019년4월 | AG1: 2019년5월 | AH1: 2019년6월 | AI1: 2019년7월 | AJ1: 2019년8월 | AK1: 2019년9월 | AL1: 2019년10월 | AM1: 2019년11월 | AN1: 2019년12월 | AO1: 2020년1월 | AP1: 2020년2월 | AQ1: 2020년3월 | AR1: 2020년4월 | AS1: 2020년5월 | AT1: 2020년6월 | AU1: 2020년7월 | AV1: 2020년8월 | AW1: 2020년9월 | AX1: 2020년10월 | AY1: 2020년11월 | AZ1: 2020년12월 | BA1: 2021년1월 | BB1: 2021년2월 | BC1: 2021년3월 | BD1: 2021년4월 | BE1: 2021년5월 | BF1: 2021년6월 | BG1: 2021년7월 | BH1: 2021년8월 | BI1: 2021년9월 | BJ1: 2021년10월 | BK1: 2021년11월 | BL1: 2021년12월 | BM1: 2022년01월 | BN1: 2022년02월 | BO1: 2022년03월 | BP1: 2022년04월 | BQ1: 2022년05월 | BR1: 2022년06월 | BS1: 2022년07월 | BT1: 2022년08월 | BU1: 2022년09월 | BV1: 2022년10월 | BW1: 2022년11월 | BX1: 2022년12월 | BY1: 2023년1월 | BZ1: 2023년2월 | CA1: 2023년3월 | CB1: 2023년4월 | CC1: 2023년5월 | CD1: 2023년6월 | CE1: 2023년7월 | CF1: 2023년8월 | CG1: 2023년9월 | CH1: 2023년10월 | CI1: 2023년11월 | CJ1: 2023년12월 | CK1: 2024년1월 | CL1: 2024년2월 | CM1: 2024년3월 | CN1: 2024년4월 | CO1: 2024년5월 | CP1: 2024년6월 | CQ1: 2024년7월 | CR1: 2024년8월 | CS1: 2024년9월 | CT1: 2024년10월 | CU1: 2024년11월 | CV1: 2024년12월 | CW1: 2025년1월 | CX1: 2025년2월 | CY1: 2025년3월 | CZ1: 2025년4월 | DA1: 2025년5월 | DB1: 2025년6월 | DC1: 2025년7월 | DD1: 2025년8월 | DE1: 2025년9월 | DF1: 2025년10월 | DG1: 2025년11월 | DH1: 2025년12월 | DI1: 2026년 1월 | DJ1: 2026년 2월 | DK1: 2026년 3월 | DL1: 2026년 4월 | DM1: 2026년 5월 | DN1: 2026년 6월 | DO1: 2026년 7월 | DP1: 2026년 8월 | DQ1: 2026년 9월 | DR1: 2026년 10월 | DS1: 2026년 11월 | DT1: 2026년 12월 | DV1: 2020년 합계 | DW1: 2021년 합계 | DX1: 2022년 합계 | DY1: 2023년 합계 | DZ1: 2024년 합계 | EA1: 2025년 합계 | EB1: 2026년 합계
A2: 하랑 | T2: 6460000 | DV2: =SUM(AO2:AZ2) -> 0 | DW2: =SUM(BA2:BL2) -> 0 | DX2: =SUM(BM2:BX2) -> 0 | DZ2: =SUM(CK2:CV2) -> 0 | EA2: =SUM(CW2:DH2) -> 0 | EB2: =SUM(DI2:DT2) -> 0 | ED2: =SUM(B2:DU2) -> 6460000
A3: 동우공영(주) | B3: 1056000 | E3: 2816000 | DV3: =SUM(AO3:AZ3) -> 0 | DW3: =SUM(BA3:BL3) -> 0 | DX3: =SUM(BM3:BX3) -> 0 | DY3: =SUM(BY3:CJ3) -> 0 | DZ3: =SUM(CK3:CV3) -> 0 | EA3: =SUM(CW3:DH3) -> 0 | EB3: =SUM(DI3:DT3) -> 0 | ED3: =SUM(B3:DU3) -> 3872000
A4: 디오라이트 | Q4: 374000 | DV4: =SUM(AO4:AZ4) -> 0 | DW4: =SUM(BA4:BL4) -> 0 | DX4: =SUM(BM4:BX4) -> 0 | DY4: =SUM(BY4:CJ4) -> 0 | DZ4: =SUM(CK4:CV4) -> 0 | EA4: =SUM(CW4:DH4) -> 0 | EB4: =SUM(DI4:DT4) -> 0 | ED4: =SUM(B4:DU4) -> 374000
A5: 이상신(라이트스톰) | M5: 1815000 | DV5: =SUM(AO5:AZ5) -> 0 | DW5: =SUM(BA5:BL5) -> 0 | DX5: =SUM(BM5:BX5) -> 0 | DY5: =SUM(BY5:CJ5) -> 0 | DZ5: =SUM(CK5:CV5) -> 0 | EA5: =SUM(CW5:DH5) -> 0 | EB5: =SUM(DI5:DT5) -> 0 | ED5: =SUM(B5:DU5) -> 1815000
A6: (주)삼익 | M6: 176000 | O6: 880000 | P6: 1056000 | Q6: 638000 | DV6: =SUM(AO6:AZ6) -> 0 | DW6: =SUM(BA6:BL6) -> 0 | DX6: =SUM(BM6:BX6) -> 0 | DY6: =SUM(BY6:CJ6) -> 0 | DZ6: =SUM(CK6:CV6) -> 0 | EA6: =SUM(CW6:DH6) -> 0 | EB6: =SUM(DI6:DT6) -> 0 | ED6: =SUM(B6:DU6) -> 2750000
A7: 김정용(샤인컴퍼니) | M7: 176000 | DV7: =SUM(AO7:AZ7) -> 0 | DW7: =SUM(BA7:BL7) -> 0 | DX7: =SUM(BM7:BX7) -> 0 | DY7: =SUM(BY7:CJ7) -> 0 | DZ7: =SUM(CK7:CV7) -> 0 | EA7: =SUM(CW7:DH7) -> 0 | EB7: =SUM(DI7:DT7) -> 0 | ED7: =SUM(B7:DU7) -> 176000
A8: 선앤문 | H8: 551100 | L8: 605000 | DV8: =SUM(AO8:AZ8) -> 0 | DW8: =SUM(BA8:BL8) -> 0 | DX8: =SUM(BM8:BX8) -> 0 | DY8: =SUM(BY8:CJ8) -> 0 | DZ8: =SUM(CK8:CV8) -> 0 | EA8: =SUM(CW8:DH8) -> 0 | EB8: =SUM(DI8:DT8) -> 0 | ED8: =SUM(B8:DU8) -> 1156100
A9: (주)씨앤에스자산관 | I9: 47740000 | J9: 12573000 | K9: 4752000 | L9: 12507000 | M9: 5940000 | N9: 6160000 | O9: 6600000 | P9: 26026000 | Q9: 75625000 | R9: 38722200 | S9: 968000 | DV9: =SUM(AO9:AZ9) -> 0 | DW9: =SUM(BA9:BL9) -> 0 | DX9: =SUM(BM9:BX9) -> 0 | DY9: =SUM(BY9:CJ9) -> 0 | DZ9: =SUM(CK9:CV9) -> 0 | EA9: =SUM(CW9:DH9) -> 0 | EB9: =SUM(DI9:DT9) -> 0 | ED9: =SUM(B9:DU9) -> 237613200
A10: 씨제이이앤엠주식회 | M10: 8470000 | DV10: =SUM(AO10:AZ10) -> 0 | DW10: =SUM(BA10:BL10) -> 0 | DX10: =SUM(BM10:BX10) -> 0 | DY10: =SUM(BY10:CJ10) -> 0 | DZ10: =SUM(CK10:CV10) -> 0 | EA10: =SUM(CW10:DH10) -> 0 | EB10: =SUM(DI10:DT10) -> 0 | ED10: =SUM(B10:DU10) -> 8470000
A11: (주)알앤지서비스 | M11: 3047000 | N11: 968000 | O11: 88000 | DV11: =SUM(AO11:AZ11) -> 0 | DW11: =SUM(BA11:BL11) -> 0 | DX11: =SUM(BM11:BX11) -> 0 | DY11: =SUM(BY11:CJ11) -> 0 | DZ11: =SUM(CK11:CV11) -> 0 | EA11: =SUM(CW11:DH11) -> 0 | EB11: =SUM(DI11:DT11) -> 0 | ED11: =SUM(B11:DU11) -> 4103000
A12: 이영찬(레이허) | E12: 1727000 | DV12: =SUM(AO12:AZ12) -> 0 | DW12: =SUM(BA12:BL12) -> 0 | DX12: =SUM(BM12:BX12) -> 0 | DY12: =SUM(BY12:CJ12) -> 0 | DZ12: =SUM(CK12:CV12) -> 0 | EA12: =SUM(CW12:DH12) -> 0 | EB12: =SUM(DI12:DT12) -> 0 | ED12: =SUM(B12:DU12) -> 1727000
A13: 최인경(밈포인 | B13: 715000 | C13: 929500 | D13: 731500 | E13: 495000 | G13: 962500 | H13: 253000 | DV13: =SUM(AO13:AZ13) -> 0 | DW13: =SUM(BA13:BL13) -> 0 | DX13: =SUM(BM13:BX13) -> 0 | DY13: =SUM(BY13:CJ13) -> 0 | DZ13: =SUM(CK13:CV13) -> 0 | EA13: =SUM(CW13:DH13) -> 0 | EB13: =SUM(DI13:DT13) -> 0 | ED13: =SUM(B13:DU13) -> 4086500
A14: 조동석(열린, 썬앤문) | E14: 6167030 | DV14: =SUM(AO14:AZ14) -> 0 | DW14: =SUM(BA14:BL14) -> 0 | DX14: =SUM(BM14:BX14) -> 0 | DY14: =SUM(BY14:CJ14) -> 0 | DZ14: =SUM(CK14:CV14) -> 0 | EA14: =SUM(CW14:DH14) -> 0 | EB14: =SUM(DI14:DT14) -> 0 | ED14: =SUM(B14:DU14) -> 6167030
A15: 파이널스페셜인펙트 | C15: 363000 | E15: 396000 | I15: 418000 | K15: 154000 | Q15: 154000 | CO15: 374000 | CS15: 572000 | DV15: =SUM(AO15:AZ15) -> 0 | DW15: =SUM(BA15:BL15) -> 0 | DX15: =SUM(BM15:BX15) -> 0 | DY15: =SUM(BY15:CJ15) -> 0 | DZ15: =SUM(CK15:CV15) -> 946000 | EA15: =SUM(CW15:DH15) -> 0 | EB15: =SUM(DI15:DT15) -> 0 | ED15: =SUM(B15:DU15) -> 2431000
A16: 파이로특수기획(우길택) | L16: 495000 | DV16: =SUM(AO16:AZ16) -> 0 | DW16: =SUM(BA16:BL16) -> 0 | DX16: =SUM(BM16:BX16) -> 0 | DY16: =SUM(BY16:CJ16) -> 0 | DZ16: =SUM(CK16:CV16) -> 0 | EA16: =SUM(CW16:DH16) -> 0 | EB16: =SUM(DI16:DT16) -> 0 | ED16: =SUM(B16:DU16) -> 495000
A17: 한국교육방송공 | W17: 1683000 | DV17: =SUM(AO17:AZ17) -> 0 | DW17: =SUM(BA17:BL17) -> 0 | DX17: =SUM(BM17:BX17) -> 0 | DY17: =SUM(BY17:CJ17) -> 0 | DZ17: =SUM(CK17:CV17) -> 0 | EA17: =SUM(CW17:DH17) -> 0 | EB17: =SUM(DI17:DT17) -> 0 | ED17: =SUM(B17:DU17) -> 1683000
A18: (주)만석푸드패 | U18: 5076500 | V18: 3113000 | W18: 3113000 | X18: 3356793 | DV18: =SUM(AO18:AZ18) -> 0 | DW18: =SUM(BA18:BL18) -> 0 | DX18: =SUM(BM18:BX18) -> 0 | DY18: =SUM(BY18:CJ18) -> 0 | DZ18: =SUM(CK18:CV18) -> 0 | EA18: =SUM(CW18:DH18) -> 0 | EB18: =SUM(DI18:DT18) -> 0 | ED18: =SUM(B18:DU18) -> 14659293
A19: 하나아트 | Y19: 180000 | DV19: =SUM(AO19:AZ19) -> 0 | DW19: =SUM(BA19:BL19) -> 0 | DX19: =SUM(BM19:BX19) -> 0 | DY19: =SUM(BY19:CJ19) -> 0 | DZ19: =SUM(CK19:CV19) -> 0 | EA19: =SUM(CW19:DH19) -> 0 | EB19: =SUM(DI19:DT19) -> 0 | ED19: =SUM(B19:DU19) -> 180000
A20: (주)인터비즈시 | Y20: 5434000 | DV20: =SUM(AO20:AZ20) -> 0 | DW20: =SUM(BA20:BL20) -> 0 | DX20: =SUM(BM20:BX20) -> 0 | DY20: =SUM(BY20:CJ20) -> 0 | DZ20: =SUM(CK20:CV20) -> 0 | EA20: =SUM(CW20:DH20) -> 0 | EB20: =SUM(DI20:DT20) -> 0 | ED20: =SUM(B20:DU20) -> 5434000
A21: (주)잡플러스 | R21: 6864000 | S21: 616000 | T21: 1320000 | U21: 352000 | X21: 440000 | Y21: 3019500 | DV21: =SUM(AO21:AZ21) -> 0 | DW21: =SUM(BA21:BL21) -> 0 | DX21: =SUM(BM21:BX21) -> 0 | DY21: =SUM(BY21:CJ21) -> 0 | DZ21: =SUM(CK21:CV21) -> 0 | EA21: =SUM(CW21:DH21) -> 0 | EB21: =SUM(DI21:DT21) -> 0 | ED21: =SUM(B21:DU21) -> 12611500
A22: (주)열린 | I22: 734800 | P22: 3969020 | R22: 902000 | T22: 913000 | U22: 2543640 | W22: 1914000 | Z22: 484000 | DV22: =SUM(AO22:AZ22) -> 0 | DW22: =SUM(BA22:BL22) -> 0 | DX22: =SUM(BM22:BX22) -> 0 | DY22: =SUM(BY22:CJ22) -> 0 | DZ22: =SUM(CK22:CV22) -> 0 | EA22: =SUM(CW22:DH22) -> 0 | EB22: =SUM(DI22:DT22) -> 0 | ED22: =SUM(B22:DU22) -> 11460460
A23: (주)영우트러스 | B23: 1500000 | C23: 2000000 | D23: 2000000 | E23: 1500000 | F23: 1833000 | H23: 1380500 | J23: 1006500 | K23: 2000000 | M23: 3071000 | P23: 2000000 | R23: 2207500 | U23: 385000 | X23: 319000 | AA23: 110000 | AB23: 387200 | DV23: =SUM(AO23:AZ23) -> 0 | DW23: =SUM(BA23:BL23) -> 0 | DX23: =SUM(BM23:BX23) -> 0 | DY23: =SUM(BY23:CJ23) -> 0 | DZ23: =SUM(CK23:CV23) -> 0 | EA23: =SUM(CW23:DH23) -> 0 | EB23: =SUM(DI23:DT23) -> 0 | ED23: =SUM(B23:DU23) -> 21699700
A24: 신호준(더막스) | AC24: 1221000 | DV24: =SUM(AO24:AZ24) -> 0 | DW24: =SUM(BA24:BL24) -> 0 | DX24: =SUM(BM24:BX24) -> 0 | DY24: =SUM(BY24:CJ24) -> 0 | DZ24: =SUM(CK24:CV24) -> 0 | EA24: =SUM(CW24:DH24) -> 0 | EB24: =SUM(DI24:DT24) -> 0 | ED24: =SUM(B24:DU24) -> 1221000
A25: (주)안성렌탈 | K25: 1919500 | L25: 517000 | M25: 16601750 | N25: 3564000 | O25: 4202000 | P25: 15790500 | AC25: 3195500 | DV25: =SUM(AO25:AZ25) -> 0 | DW25: =SUM(BA25:BL25) -> 0 | DX25: =SUM(BM25:BX25) -> 0 | DY25: =SUM(BY25:CJ25) -> 0 | DZ25: =SUM(CK25:CV25) -> 0 | EA25: =SUM(CW25:DH25) -> 0 | EB25: =SUM(DI25:DT25) -> 0 | ED25: =SUM(B25:DU25) -> 45790250
A26: (주)후니드 | B26: 1936000 | C26: 440000 | D26: 352000 | E26: 2212100 | F26: 1670350 | G26: 880000 | H26: 616000 | I26: 1771000 | J26: 2992000 | K26: 440000 | L26: 2145000 | M26: 4752000 | N26: 4103000 | O26: 4840000 | P26: 2904000 | Q26: 2420000 | V26: 778800 | W26: 154000 | Y26: 2376000 | AA26: 6996000 | AB26: 10714000 | AC26: 12551000 | DV26: =SUM(AO26:AZ26) -> 0 | DW26: =SUM(BA26:BL26) -> 0 | DX26: =SUM(BM26:BX26) -> 0 | DY26: =SUM(BY26:CJ26) -> 0 | DZ26: =SUM(CK26:CV26) -> 0 | EA26: =SUM(CW26:DH26) -> 0 | EB26: =SUM(DI26:DT26) -> 0 | ED26: =SUM(B26:DU26) -> 68043250
A27: (주)한국에이브이 | AA27: 726000 | AF27: 385000 | DV27: =SUM(AO27:AZ27) -> 0 | DW27: =SUM(BA27:BL27) -> 0 | DX27: =SUM(BM27:BX27) -> 0 | DY27: =SUM(BY27:CJ27) -> 0 | DZ27: =SUM(CK27:CV27) -> 0 | EA27: =SUM(CW27:DH27) -> 0 | EB27: =SUM(DI27:DT27) -> 0 | ED27: =SUM(B27:DU27) -> 1111000
A28: 김수현(나비특 | C28: 1826000 | E28: 4257000 | H28: 209000 | K28: 2222000 | M28: 2926000 | P28: 2937000 | S28: 2277000 | U28: 726000 | X28: 1716000 | AF28: 2673000 | DV28: =SUM(AO28:AZ28) -> 0 | DW28: =SUM(BA28:BL28) -> 0 | DX28: =SUM(BM28:BX28) -> 0 | DY28: =SUM(BY28:CJ28) -> 0 | DZ28: =SUM(CK28:CV28) -> 0 | EA28: =SUM(CW28:DH28) -> 0 | EB28: =SUM(DI28:DT28) -> 0 | ED28: =SUM(B28:DU28) -> 21769000
A29: (주)한성엠에스 | B29: 20148700 | C29: 33132880 | D29: 16562040 | E29: 23259500 | F29: 23590930 | G29: 24308724 | H29: 16030575 | I29: 22629354 | J29: 16329434 | K29: 19975197 | L29: 25484558 | M29: 31043430 | N29: 34257102 | O29: 43951117 | P29: 44539080 | Q29: 39859622 | R29: 24308394 | S29: 34753950 | T29: 6512000 | U29: 75843968 | V29: 23311200 | W29: 42374200 | X29: 69179000 | Y29: 36865730 | Z29: 81372830 | AA29: 50114240 | AB29: 48826140 | AC29: 43039700 | AD29: 4922500 | AE29: 1463000 | AF29: 209000 | DV29: =SUM(AO29:AZ29) -> 0 | DW29: =SUM(BA29:BL29) -> 0 | DX29: =SUM(BM29:BX29) -> 0 | DY29: =SUM(BY29:CJ29) -> 0 | DZ29: =SUM(CK29:CV29) -> 0 | EA29: =SUM(CW29:DH29) -> 0 | EB29: =SUM(DI29:DT29) -> 0 | ED29: =SUM(B29:DU29) -> 978198095
A30: 라이트스케치 | X30: 396000 | AB30: 869000 | AD30: 1023000 | AG30: 154000 | DV30: =SUM(AO30:AZ30) -> 0 | DW30: =SUM(BA30:BL30) -> 0 | DX30: =SUM(BM30:BX30) -> 0 | DY30: =SUM(BY30:CJ30) -> 0 | DZ30: =SUM(CK30:CV30) -> 0 | EA30: =SUM(CW30:DH30) -> 0 | EB30: =SUM(DI30:DT30) -> 0 | ED30: =SUM(B30:DU30) -> 2442000
A31: (주)나우글로벌 | AG31: 3829000 | DV31: =SUM(AO31:AZ31) -> 0 | DW31: =SUM(BA31:BL31) -> 0 | DX31: =SUM(BM31:BX31) -> 0 | DY31: =SUM(BY31:CJ31) -> 0 | DZ31: =SUM(CK31:CV31) -> 0 | EA31: =SUM(CW31:DH31) -> 0 | EB31: =SUM(DI31:DT31) -> 0 | ED31: =SUM(B31:DU31) -> 3829000
A32: (주)아트빈 | J32: 270000 | Q32: 1551000 | V32: 2244000 | Z32: 3000000 | AH32: 1083506 | DV32: =SUM(AO32:AZ32) -> 0 | DW32: =SUM(BA32:BL32) -> 0 | DX32: =SUM(BM32:BX32) -> 0 | DY32: =SUM(BY32:CJ32) -> 0 | DZ32: =SUM(CK32:CV32) -> 0 | EA32: =SUM(CW32:DH32) -> 0 | EB32: =SUM(DI32:DT32) -> 0 | ED32: =SUM(B32:DU32) -> 8148506
A33: (주)엠씨피인터네셔 | Y33: 874500 | AA33: 440000 | AC33: 1100000 | AI33: 77000 | DV33: =SUM(AO33:AZ33) -> 0 | DW33: =SUM(BA33:BL33) -> 0 | DX33: =SUM(BM33:BX33) -> 0 | DY33: =SUM(BY33:CJ33) -> 0 | DZ33: =SUM(CK33:CV33) -> 0 | EA33: =SUM(CW33:DH33) -> 0 | EB33: =SUM(DI33:DT33) -> 0 | ED33: =SUM(B33:DU33) -> 2491500
A34: 이용대(강원기업) | M34: 462000 | AG34: 671000 | AH34: 748000 | AI34: 330000 | AJ34: 330000 | DV34: =SUM(AO34:AZ34) -> 0 | DW34: =SUM(BA34:BL34) -> 0 | DX34: =SUM(BM34:BX34) -> 0 | DY34: =SUM(BY34:CJ34) -> 0 | DZ34: =SUM(CK34:CV34) -> 0 | EA34: =SUM(CW34:DH34) -> 0 | EB34: =SUM(DI34:DT34) -> 0 | ED34: =SUM(B34:DU34) -> 2541000
A35: 스파이더(리깅) | K35: 1928300 | N35: 1397000 | O35: 1267000 | P35: 1023000 | S35: 2500000 | T35: 3115500 | U35: 1155000 | V35: 3866500 | W35: 621500 | AA35: 583000 | AC35: 1474000 | AD35: 418000 | AK35: 92400 | DV35: =SUM(AO35:AZ35) -> 0 | DW35: =SUM(BA35:BL35) -> 0 | DX35: =SUM(BM35:BX35) -> 0 | DY35: =SUM(BY35:CJ35) -> 0 | DZ35: =SUM(CK35:CV35) -> 0 | EA35: =SUM(CW35:DH35) -> 0 | EB35: =SUM(DI35:DT35) -> 0 | ED35: =SUM(B35:DU35) -> 19441200
A36: (주)프레임컴퍼 | B36: 3366000 | C36: 1760000 | D36: 2079000 | E36: 5791500 | G36: 594000 | H36: 6985000 | J36: 3223000 | K36: 3927000 | L36: 2024000 | M36: 4026000 | N36: 594000 | AI36: 176000 | AK36: 704000 | DV36: =SUM(AO36:AZ36) -> 0 | DW36: =SUM(BA36:BL36) -> 0 | DX36: =SUM(BM36:BX36) -> 0 | DY36: =SUM(BY36:CJ36) -> 0 | DZ36: =SUM(CK36:CV36) -> 0 | EA36: =SUM(CW36:DH36) -> 0 | EB36: =SUM(DI36:DT36) -> 0 | ED36: =SUM(B36:DU36) -> 35249500
A37: 쇼매이드 | AC37: 286000 | AK37: 198000 | AM37: 451000 | DV37: =SUM(AO37:AZ37) -> 0 | DW37: =SUM(BA37:BL37) -> 0 | DX37: =SUM(BM37:BX37) -> 0 | DY37: =SUM(BY37:CJ37) -> 0 | DZ37: =SUM(CK37:CV37) -> 0 | EA37: =SUM(CW37:DH37) -> 0 | EB37: =SUM(DI37:DT37) -> 0 | ED37: =SUM(B37:DU37) -> 935000
A38: 식품안전정보원 | AD38: 1760000 | AN38: 1760000 | DV38: =SUM(AO38:AZ38) -> 0 | DW38: =SUM(BA38:BL38) -> 0 | DX38: =SUM(BM38:BX38) -> 0 | DY38: =SUM(BY38:CJ38) -> 0 | DZ38: =SUM(CK38:CV38) -> 0 | EA38: =SUM(CW38:DH38) -> 0 | EB38: =SUM(DI38:DT38) -> 0 | ED38: =SUM(B38:DU38) -> 3520000
A39: 가오프로젝트 | H39: 32599600 | M39: 23347500 | Z39: 3388000 | AB39: 3960000 | AE39: 3520000 | AK39: 539000 | AN39: 42900000 | DV39: =SUM(AO39:AZ39) -> 0 | DW39: =SUM(BA39:BL39) -> 0 | DX39: =SUM(BM39:BX39) -> 0 | DY39: =SUM(BY39:CJ39) -> 0 | DZ39: =SUM(CK39:CV39) -> 0 | EA39: =SUM(CW39:DH39) -> 0 | EB39: =SUM(DI39:DT39) -> 0 | ED39: =SUM(B39:DU39) -> 110254100
A40: (주)라이팅코리아->라이팅코리아프로 | B40: 308000 | O40: 660000 | U40: 572000 | Z40: 748000 | AA40: 1760000 | AC40: 1650000 | AG40: 660000 | AH40: 1331000 | AK40: 308000 | AM40: 1683000 | AN40: 704000 | BX40: 1100000 | BY40: 10626000 | BZ40: 550000 | CB40: 2376000 | CC40: 6171000 | CE40: 1232000 | CF40: 3113000 | CH40: 1001000 | CI40: 1188000 | CR40: 1210000 | CS40: 429000 | CV40: 715000 | DV40: =SUM(AO40:AZ40) -> 0 | DW40: =SUM(BA40:BL40) -> 0 | DX40: =SUM(BM40:BX40) -> 1100000 | DY40: =SUM(BY40:CJ40) -> 26257000 | DZ40: =SUM(CK40:CV40) -> 2354000 | EA40: =SUM(CW40:DH40) -> 0 | EB40: =SUM(DI40:DT40) -> 0 | ED40: =SUM(B40:DU40) -> 40095000
A41: (주)지엠엠 | B41: 1518000 | D41: 11286000 | J41: 2651000 | L41: 5720000 | M41: 7161000 | O41: 5082000 | P41: 12023000 | R41: 17314000 | U41: 561000 | V41: 6479000 | Y41: 3960000 | AC41: 7392000 | AE41: 616000 | AF41: 616000 | AG41: 5071000 | AH41: 1320000 | AI41: 572000 | AJ41: 1694000 | AK41: 12463000 | AL41: 3212000 | AM41: 968000 | AN41: 7557000 | AU41: 2068000 | BB41: 764500 | BI41: 1485000 | BL41: 396000 | BT41: 726000 | BU41: 924000 | BW41: 836000 | BX41: 253000 | CA41: 1320000 | CD41: 99000 | CF41: 396000 | CG41: 1936000 | CI41: 176000 | CJ41: 715000 | CL41: 99000 | CN41: 99000 | CV41: 352000 | DV41: =SUM(AO41:AZ41) -> 2068000 | DW41: =SUM(BA41:BL41) -> 2645500 | DX41: =SUM(BM41:BX41) -> 2739000 | DY41: =SUM(BY41:CJ41) -> 4642000 | DZ41: =SUM(CK41:CV41) -> 550000 | EA41: =SUM(CW41:DH41) -> 0 | EB41: =SUM(DI41:DT41) -> 0 | ED41: =SUM(B41:DU41) -> 127880500
A42: 아트홀 | U42: 71500 | V42: 880000 | AB42: 858000 | AH42: 396000 | AL42: 935000 | AM42: 297000 | AO42: 627000 | AW42: 550000 | DV42: =SUM(AO42:AZ42) -> 1177000 | DW42: =SUM(BA42:BL42) -> 0 | DX42: =SUM(BM42:BX42) -> 0 | DY42: =SUM(BY42:CJ42) -> 0 | DZ42: =SUM(CK42:CV42) -> 0 | EA42: =SUM(CW42:DH42) -> 0 | EB42: =SUM(DI42:DT42) -> 0 | ED42: =SUM(B42:DU42) -> 4614500
A43: 피아에스에프(안정희) | AO43: 264000 | DV43: =SUM(AO43:AZ43) -> 264000 | DW43: =SUM(BA43:BL43) -> 0 | DX43: =SUM(BM43:BX43) -> 0 | DY43: =SUM(BY43:CJ43) -> 0 | DZ43: =SUM(CK43:CV43) -> 0 | EA43: =SUM(CW43:DH43) -> 0 | EB43: =SUM(DI43:DT43) -> 0 | ED43: =SUM(B43:DU43) -> 264000
A44: 우지기업 | AD44: 198000 | AE44: 343200 | AF44: 2412300 | AG44: 2623500 | AH44: 2244000 | AI44: 2040500 | AJ44: 1364000 | AK44: 1622500 | AL44: 2288000 | AM44: 3949000 | AN44: 2029500 | AO44: 3580500 | DV44: =SUM(AO44:AZ44) -> 3580500 | DW44: =SUM(BA44:BL44) -> 0 | DX44: =SUM(BM44:BX44) -> 0 | DY44: =SUM(BY44:CJ44) -> 0 | DZ44: =SUM(CK44:CV44) -> 0 | EA44: =SUM(CW44:DH44) -> 0 | EB44: =SUM(DI44:DT44) -> 0 | ED44: =SUM(B44:DU44) -> 24695000
A45: (주)조선호텔 | AM45: 143000 | AO45: 209000 | AP45: 145200 | AU45: 1199000 | DV45: =SUM(AO45:AZ45) -> 1553200 | DW45: =SUM(BA45:BL45) -> 0 | DX45: =SUM(BM45:BX45) -> 0 | DY45: =SUM(BY45:CJ45) -> 0 | DZ45: =SUM(CK45:CV45) -> 0 | EA45: =SUM(CW45:DH45) -> 0 | EB45: =SUM(DI45:DT45) -> 0 | ED45: =SUM(B45:DU45) -> 1696200
A46: 에스텍시스템 | AP46: 2059200 | DV46: =SUM(AO46:AZ46) -> 2059200 | DW46: =SUM(BA46:BL46) -> 0 | DX46: =SUM(BM46:BX46) -> 0 | DY46: =SUM(BY46:CJ46) -> 0 | DZ46: =SUM(CK46:CV46) -> 0 | EA46: =SUM(CW46:DH46) -> 0 | EB46: =SUM(DI46:DT46) -> 0 | ED46: =SUM(B46:DU46) -> 2059200
A47: 정흠제작(유재구) | AO47: 792000 | AP47: 209000 | DV47: =SUM(AO47:AZ47) -> 1001000 | DW47: =SUM(BA47:BL47) -> 0 | DX47: =SUM(BM47:BX47) -> 0 | DY47: =SUM(BY47:CJ47) -> 0 | DZ47: =SUM(CK47:CV47) -> 0 | EA47: =SUM(CW47:DH47) -> 0 | EB47: =SUM(DI47:DT47) -> 0 | ED47: =SUM(B47:DU47) -> 1001000
A48: 서영(다토DATO) | J48: 1320000 | L48: 1111000 | N48: 4521000 | P48: 748000 | S48: 220000 | U48: 990000 | V48: 583000 | W48: 418000 | Z48: 2051500 | AB48: 6072000 | AE48: 1232000 | AG48: 2376000 | AI48: 2783000 | AJ48: 1474000 | AK48: 759000 | AL48: 8855000 | AN48: 10961500 | AO48: 3168000 | AP48: 7749500 | AR48: 1584000 | AS48: 2079000 | AX48: 1870000 | DV48: =SUM(AO48:AZ48) -> 16450500 | DW48: =SUM(BA48:BL48) -> 0 | DX48: =SUM(BM48:BX48) -> 0 | DY48: =SUM(BY48:CJ48) -> 0 | DZ48: =SUM(CK48:CV48) -> 0 | EA48: =SUM(CW48:DH48) -> 0 | EB48: =SUM(DI48:DT48) -> 0 | ED48: =SUM(B48:DU48) -> 62925500
A49: (주)프로에스콤 | AP49: 1875500 | DV49: =SUM(AO49:AZ49) -> 1875500 | DW49: =SUM(BA49:BL49) -> 0 | DX49: =SUM(BM49:BX49) -> 0 | DY49: =SUM(BY49:CJ49) -> 0 | DZ49: =SUM(CK49:CV49) -> 0 | EA49: =SUM(CW49:DH49) -> 0 | EB49: =SUM(DI49:DT49) -> 0 | ED49: =SUM(B49:DU49) -> 1875500
A50: (주)비포스 | AM50: 396000 | AN50: 495000 | AO50: 297000 | AP50: 198000 | DV50: =SUM(AO50:AZ50) -> 495000 | DW50: =SUM(BA50:BL50) -> 0 | DX50: =SUM(BM50:BX50) -> 0 | DY50: =SUM(BY50:CJ50) -> 0 | DZ50: =SUM(CK50:CV50) -> 0 | EA50: =SUM(CW50:DH50) -> 0 | EB50: =SUM(DI50:DT50) -> 0 | ED50: =SUM(B50:DU50) -> 1386000
A51: ㈜미라클미디어 | AU51: 451000 | DV51: =SUM(AO51:AZ51) -> 451000 | DW51: =SUM(BA51:BL51) -> 0 | DX51: =SUM(BM51:BX51) -> 0 | DY51: =SUM(BY51:CJ51) -> 0 | DZ51: =SUM(CK51:CV51) -> 0 | EA51: =SUM(CW51:DH51) -> 0 | EB51: =SUM(DI51:DT51) -> 0 | ED51: =SUM(B51:DU51) -> 451000
A52: 주)엠엠에스컴퍼니 | B52: 4367000 | C52: 3795000 | D52: 11715000 | E52: 484000 | G52: 4158000 | H52: 2101000 | I52: 572000 | J52: 1397000 | K52: 1452000 | L52: 660000 | M52: 5764000 | O52: 5302000 | P52: 6116000 | Q52: 8789000 | R52: 1980000 | U52: 2970000 | V52: 2321000 | W52: 2640000 | X52: 3267000 | Y52: 3036000 | AA52: 2849000 | AB52: 935000 | AC52: 2376000 | AD52: 616000 | AE52: 1056000 | AF52: 110000 | AG52: 1056000 | AI52: 1540000 | AJ52: 2387000 | AK52: 2453000 | AL52: 781000 | AM52: 2288000 | AN52: 6501000 | AO52: 3707000 | AP52: 2882000 | AW52: 385000 | AX52: 704000 | AY52: 803000 | AZ52: 374000 | BA52: 660000 | BJ52: 605000 | BK52: 308000 | BL52: 77000 | BM52: 572000 | BN52: 2497000 | BO52: 242000 | BV52: 264000 | BX52: 352000 | BY52: 1474000 | CC52: 2315500 | CE52: 3146000 | CK52: 1540000 | CM52: 1540000 | DA52: 726000 | DV52: =SUM(AO52:AZ52) -> 8855000 | DW52: =SUM(BA52:BL52) -> 1650000 | DX52: =SUM(BM52:BX52) -> 3927000 | DY52: =SUM(BY52:CJ52) -> 6935500 | DZ52: =SUM(CK52:CV52) -> 3080000 | EA52: =SUM(CW52:DH52) -> 726000 | EB52: =SUM(DI52:DT52) -> 0 | ED52: =SUM(B52:DU52) -> 123007500
A53: ㈜에스에스엘 | B53: 6325000 | C53: 1892000 | D53: 539000 | J53: 1430000 | K53: 682000 | L53: 506000 | M53: 682000 | N53: 5599000 | O53: 4290000 | P53: 594000 | Q53: 484000 | S53: 1672000 | U53: 1320000 | Z53: 1650000 | AA53: 3300000 | AB53: 4433000 | AC53: 3982000 | AD53: 770000 | AE53: 198000 | AG53: 704000 | AH53: 1320000 | AI53: 1485000 | AJ53: 242000 | AK53: 1155000 | AL53: 1765500 | AM53: 4257000 | AO53: 2948000 | AQ53: 396000 | AW53: 880000 | AX53: 396000 | AY53: 1276000 | AZ53: 594000 | BA53: 803000 | BI53: 1166000 | BL53: 528000 | BM53: 1276000 | BN53: 198000 | BP53: 1056000 | BR53: 759000 | BS53: 880000 | BU53: 2420000 | BV53: 2585000 | BW53: 3443000 | BX53: 660000 | BY53: 3113000 | CA53: 352000 | CC53: 660000 | CD53: 1144000 | CE53: 638000 | CF53: 363000 | CG53: 902000 | CH53: 2464000 | CI53: 2486000 | CJ53: 1815000 | CK53: 924000 | CM53: 924000 | CP53: 440000 | CQ53: 2706000 | CR53: 4911500 | CS53: 440000 | CT53: 1199000 | CU53: 440000 | CV53: 2244000 | CW53: 3036000 | DV53: =SUM(AO53:AZ53) -> 6490000 | DW53: =SUM(BA53:BL53) -> 2497000 | DX53: =SUM(BM53:BX53) -> 13277000 | DY53: =SUM(BY53:CJ53) -> 13937000 | DZ53: =SUM(CK53:CV53) -> 14228500 | EA53: =SUM(CW53:DH53) -> 3036000 | EB53: =SUM(DI53:DT53) -> 0 | ED53: =SUM(B53:DU53) -> 104742000
A54: 주식회사발렉스서비스 | AQ54: 339900 | BG54: 522500 | BH54: 1380500 | BZ54: 1172600 | CA54: 541200 | CB54: 320100 | CC54: 180400 | CD54: 90200 | CG54: 180400 | CJ54: 180400 | CP54: 106700 | CQ54: 360800 | CR54: 631400 | CS54: 541200 | DV54: =SUM(AO54:AZ54) -> 339900 | DW54: =SUM(BA54:BL54) -> 1903000 | DX54: =SUM(BM54:BX54) -> 0 | DY54: =SUM(BY54:CJ54) -> 2665300 | DZ54: =SUM(CK54:CV54) -> 1640100 | EA54: =SUM(CW54:DH54) -> 0 | EB54: =SUM(DI54:DT54) -> 0 | ED54: =SUM(B54:DU54) -> 6548300
A55: 서경만(파이로컴) | Q55: 5214000 | AL55: 1870000 | AQ55: 88000 | BJ55: 2035000 | DV55: =SUM(AO55:AZ55) -> 88000 | DW55: =SUM(BA55:BL55) -> 2035000 | DX55: =SUM(BM55:BX55) -> 0 | DY55: =SUM(BY55:CJ55) -> 0 | DZ55: =SUM(CK55:CV55) -> 0 | EA55: =SUM(CW55:DH55) -> 0 | EB55: =SUM(DI55:DT55) -> 0 | ED55: =SUM(B55:DU55) -> 9207000
A56: 아이서비스(주) | AQ56: 176205418 | AR56: 11800244 | DV56: =SUM(AO56:AZ56) -> 188005662 | DW56: =SUM(BA56:BL56) -> 0 | DX56: =SUM(BM56:BX56) -> 0 | DY56: =SUM(BY56:CJ56) -> 0 | DZ56: =SUM(CK56:CV56) -> 0 | EA56: =SUM(CW56:DH56) -> 0 | EB56: =SUM(DI56:DT56) -> 0 | ED56: =SUM(B56:DU56) -> 188005662
A57: 삼구아이앤씨 | AP57: 6968500 | AQ57: 3285700 | AS57: 1243000 | AT57: 2610300 | AU57: 2734600 | AV57: 3267000 | AW57: 37494842 | AX57: 1793000 | AY57: 4141500 | AZ57: 6166600 | BA57: 5014900 | BB57: 456500 | BC57: 7536100 | BD57: 2416700 | BE57: 9422600 | BF57: 18957400 | BG57: 23785300 | BH57: 16937800 | BI57: 8738400 | BJ57: 14400870 | BK57: 25190550 | BL57: 35145000 | BM57: 29339200 | BN57: 17360200 | BO57: 22459800 | BP57: 16072100 | BQ57: 18060900 | BR57: 21466500 | BS57: 17224900 | BT57: 16546200 | BU57: 19763700 | BV57: 14158100 | BW57: 23721500 | BX57: 24626800 | BY57: 18687900 | BZ57: 17164400 | CA57: 10591350 | CB57: 7305100 | CC57: 18942000 | CD57: 20875800 | CE57: 16612200 | CF57: 12864500 | CG57: 14330800 | CH57: 16776100 | CI57: 15863100 | CJ57: 17058800 | CK57: 23145100 | CL57: 13570700 | CM57: 23145100 | CN57: 13570700 | CO57: 16772800 | CP57: 18394200 | CQ57: 7735200 | CR57: 3912700 | CS57: 25746600 | CT57: 53303140 | CU57: 180245340 | CV57: 93466934 | CW57: 92781612 | CX57: 83948920 | CY57: 98250240 | CZ57: 8210400 | DD57: 177319049 | DE57: 308572738 | DF57: 287642658 | DG57: 164666986 | DH57: 209049170 | DI57: ='2026년'!C14+'2026년'!C25+'2026년'!C26+'2026년'!C82+'2026년'!C110+'2026년'!C111+'2026년'!C133 -> 213229566 | DJ57: ='2026년'!C166+'2026년'!C174+'2026년'!C226+'2026년'!C227+'2026년'!C252+'2026년'!C253 -> 136779176 | DK57: ='2026년'!C307+'2026년'!C308+'2026년'!C344+'2026년'!C345+'2026년'!C360+'2026년'!C379 -> 141894401 | DV57: =SUM(AO57:AZ57) -> 69705042 | DW57: =SUM(BA57:BL57) -> 168002120 | DX57: =SUM(BM57:BX57) -> 240799900 | DY57: =SUM(BY57:CJ57) -> 187072050 | DZ57: =SUM(CK57:CV57) -> 473008514 | EA57: =SUM(CW57:DH57) -> 1430441773 | EB57: =SUM(DI57:DT57) -> 491903143 | ED57: =SUM(B57:DU57) -> 3060932542
A58: (주)토탈코리아 | N58: 924000 | O58: 858000 | P58: 440000 | S58: 533500 | U58: 968000 | V58: 5346000 | W58: 3817000 | X58: 1386000 | Y58: 1980000 | Z58: 4752000 | AA58: 5000000 | AB58: 5609500 | AC58: 6803500 | AD58: 1298000 | AF58: 4829000 | AG58: 1452000 | AH58: 440000 | AI58: 231000 | AJ58: 737000 | AK58: 1144000 | AL58: 1485000 | AM58: 2233000 | AN58: 154000 | AQ58: 308000 | BR58: 770000 | BS58: 616000 | BT58: 2046000 | BU58: 3135000 | BV58: 2453000 | BW58: 5731000 | BX58: 1430000 | BY58: 8955540 | BZ58: 2981000 | CB58: 880000 | CC58: 1969000 | CD58: 6103680 | CE58: 1639000 | CF58: 1650000 | CG58: 2442000 | CH58: 7700000 | CI58: 9000000 | CJ58: 2627000 | CK58: 4735500 | CL58: 2500000 | CM58: 4735500 | CN58: 2500000 | CO58: 5541000 | CP58: 2431000 | CQ58: 363000 | CR58: 8800000 | CT58: 18128000 | CU58: 1507000 | CV58: 10131000 | CW58: 3861000 | CX58: 1578500 | DV58: =SUM(AO58:AZ58) -> 308000 | DW58: =SUM(BA58:BL58) -> 0 | DX58: =SUM(BM58:BX58) -> 16181000 | DY58: =SUM(BY58:CJ58) -> 45947220 | DZ58: =SUM(CK58:CV58) -> 61372000 | EA58: =SUM(CW58:DH58) -> 5439500 | EB58: =SUM(DI58:DT58) -> 0 | ED58: =SUM(B58:DU58) -> 181668220
A59: 뚝도아리수정수센터 | AT59: 16359000 | AZ59: 15389000 | DV59: =SUM(AO59:AZ59) -> 31748000 | DW59: =SUM(BA59:BL59) -> 0 | DX59: =SUM(BM59:BX59) -> 0 | DY59: =SUM(BY59:CJ59) -> 0 | DZ59: =SUM(CK59:CV59) -> 0 | EA59: =SUM(CW59:DH59) -> 0 | EB59: =SUM(DI59:DT59) -> 0 | ED59: =SUM(B59:DU59) -> 31748000
A60: 지에스파크24㈜ | AI60: 19910000 | AJ60: 31900000 | AK60: 26180000 | AL60: 28820000 | AM60: 29370000 | AN60: 25520000 | AO60: 17930000 | AP60: 24719200 | AQ60: 93855300 | AR60: 112083400 | AS60: 94966300 | AT60: 54153000 | AU60: 70872725 | AV60: 83590485 | AW60: 83579100 | AX60: 64763600 | AY60: 49436200 | AZ60: 26853200 | BA60: 27871800 | BB60: 31207000 | BC60: 23841400 | BD60: 46013000 | BE60: 51482200 | BF60: 41048700 | BG60: 44921800 | BH60: 68744533 | BI60: 78208900 | BJ60: 58993000 | BK60: 78067000 | BL60: 69461700 | BM60: 80073400 | BN60: 78112100 | BO60: 65607300 | BP60: 66936650 | BQ60: 68675750 | BR60: 71331700 | DV60: =SUM(AO60:AZ60) -> 776802510 | DW60: =SUM(BA60:BL60) -> 619861033 | DX60: =SUM(BM60:BX60) -> 430736900 | DY60: =SUM(BY60:CJ60) -> 0 | DZ60: =SUM(CK60:CV60) -> 0 | EA60: =SUM(CW60:DH60) -> 0 | EB60: =SUM(DI60:DT60) -> 0 | ED60: =SUM(B60:DU60) -> 1989100443
A61: 케이엠파크 | BS61: 67949200 | BT61: 81488550 | BU61: 87836650 | BV61: 72380000 | BW61: 87942800 | BX61: 80127575 | BY61: 103974200 | BZ61: 102175150 | CA61: 93465350 | CB61: 100227050 | CC61: 90834150 | CD61: 91506030 | CE61: 97551410 | CF61: 100852290 | CG61: 106458550 | CH61: 102791370 | CI61: 97087870 | CJ61: 109019350 | CK61: 102626370 | CL61: 118490350 | CM61: 102626370 | CN61: 118490350 | CO61: 89760959 | CP61: 109205659 | CQ61: 112381359 | CR61: 93914778 | CS61: 104886047 | CT61: 109723759 | CU61: 108080359 | CV61: 96455559 | CW61: 98879959 | CX61: 110263859 | CY61: 96084560 | CZ61: 98336370 | DA61: 114505160 | DB61: 96617950 | DC61: 104428170 | DD61: 108830535 | DE61: 105639270 | DF61: 110692560 | DG61: 92686671 | DH61: 109263550 | DI61: ='2026년'!C39 -> 122627311 | DJ61: ='2026년'!C191 -> 106475875 | DK61: ='2026년'!C348 -> 101783000 | DV61: =SUM(AO61:AZ61) -> 0 | DW61: =SUM(BA61:BL61) -> 0 | DX61: =SUM(BM61:BX61) -> 477724775 | DY61: =SUM(BY61:CJ61) -> 1195942770 | DZ61: =SUM(CK61:CV61) -> 1266641919 | EA61: =SUM(CW61:DH61) -> 1246228614 | EB61: =SUM(DI61:DT61) -> 330886186 | ED61: =SUM(B61:DU61) -> 4517424264
A62: 지에스네트웍스 | BR62: 9552604 | BS62: 17304821 | BT62: 17462258 | BU62: 15295436 | BV62: 17590051 | BW62: 18365188 | BX62: 15386287 | BY62: 11769142 | BZ62: 973500 | CA62: 1122000 | DV62: =SUM(AO62:AZ62) -> 0 | DW62: =SUM(BA62:BL62) -> 0 | DX62: =SUM(BM62:BX62) -> 110956645 | DY62: =SUM(BY62:CJ62) -> 13864642 | DZ62: =SUM(CK62:CV62) -> 0 | EA62: =SUM(CW62:DH62) -> 0 | EB62: =SUM(DI62:DT62) -> 0 | ED62: =SUM(B62:DU62) -> 124821287
A63: 미성엠프로주식회 | B63: 4207500 | C63: 3547500 | D63: 7507500 | E63: 11550000 | G63: 6424000 | H63: 111289200 | I63: 84876000 | J63: 49800300 | K63: 18881500 | L63: 33341000 | M63: 26411000 | N63: 23985500 | O63: 17853000 | P63: 21961500 | Q63: 21560000 | R63: 18018000 | S63: 23342000 | T63: 20086000 | U63: 16742000 | V63: 23408000 | W63: 35838000 | X63: 43076000 | Y63: 46706000 | Z63: 43334500 | AA63: 57981000 | AB63: 57783000 | AC63: 48708000 | AD63: 45430000 | AF63: 59730000 | AG63: 40766000 | AH63: 41074000 | AI63: 20548000 | AJ63: 24728000 | AK63: 28787000 | AL63: 85778000 | AM63: 16676000 | AN63: 19294000 | AO63: 19514000 | AP63: 32059500 | AQ63: 22588500 | AR63: 15251500 | AS63: 4818000 | AT63: 62551500 | AU63: 12358500 | AV63: 10428000 | AW63: 6550500 | AX63: 11847000 | AY63: 11797500 | AZ63: 7920000 | BA63: 9685500 | BS63: 1801800 | BT63: 12355200 | BU63: 13127400 | BV63: 10167300 | BW63: 19176300 | BX63: 26383500 | BY63: 25611300 | BZ63: 13420000 | CA63: 10333400 | CB63: 10333400 | CC63: 8052000 | CD63: 7649400 | CE63: 9528200 | CF63: 11004400 | CG63: 11541200 | CH63: 9662400 | CI63: 9930800 | CJ63: 9930800 | CK63: 5368000 | CL63: 5502200 | CM63: 5368000 | CN63: 5502200 | CO63: 5099600 | CP63: 4428600 | DV63: =SUM(AO63:AZ63) -> 217684500 | DW63: =SUM(BA63:BL63) -> 9685500 | DX63: =SUM(BM63:BX63) -> 83011500 | DY63: =SUM(BY63:CJ63) -> 136997300 | DZ63: =SUM(CK63:CV63) -> 31268600 | EA63: =SUM(CW63:DH63) -> 0 | EB63: =SUM(DI63:DT63) -> 0 | ED63: =SUM(B63:DU63) -> 1739676400
A64: 두잉 | B64: 660000 | C64: 286000 | F64: 242000 | G64: 198000 | H64: 1078000 | I64: 990000 | J64: 715000 | K64: 5434000 | M64: 8052635 | N64: 48402159 | O64: 41546439 | P64: 42243674 | Q64: 67371580 | R64: 105731940 | S64: 136993721 | T64: 40840800 | U64: 80453340 | V64: 85248020 | W64: 80359180 | X64: 292978620 | Y64: 182138000 | Z64: 117907240 | AA64: 100401730 | AB64: 110084260 | AC64: 210119690 | AD64: 140676118 | AE64: 114321328 | AF64: 100497298 | AG64: 101771835 | AH64: 100887743 | AI64: 229449990 | AJ64: 320704340 | AK64: 308108790 | AL64: 143144980 | AM64: 96483640 | AN64: 136575560 | AO64: 285345720 | AP64: 232134485 | AQ64: 47827340 | AR64: 26408800 | AS64: 16436200 | AT64: 63825300 | AU64: 56899700 | AV64: 76135400 | AW64: 52970500 | AX64: 46611950 | AY64: 46734600 | AZ64: 55933900 | BA64: 61697900 | BB64: 53026600 | BC64: 210950300 | BD64: 211197800 | BE64: 174842800 | BF64: 174965477 | BG64: 180040300 | BH64: 188416250 | BI64: 195893500 | BJ64: 186584480 | BK64: 160567550 | BL64: 155189188 | BM64: 178583465 | BN64: 131470900 | BO64: 176183150 | BP64: 181041300 | BQ64: 148810893 | BR64: 154122375 | BS64: 175741049 | BT64: 327304010 | BU64: 237475700 | BV64: 181079580 | BW64: 163346590 | BX64: 169494985 | BY64: 168117537 | BZ64: 121674740 | CA64: 122151700 | CB64: 149072660 | CC64: 162404000 | CD64: 205966310 | CE64: 174452300 | CF64: 246404400 | CG64: 184916600 | CH64: 178771065 | CI64: 160102426 | CJ64: 169565000 | CK64: 198645876 | CL64: 194382650 | CM64: 198645876 | CN64: 194382650 | CO64: 147107169 | CP64: 132700700 | CQ64: 165997150 | CR64: 157428700 | CS64: 206082041 | CT64: 307265169 | CU64: 228987660 | CV64: 168374800 | CW64: 125711300 | CX64: 128014590 | CY64: 124240600 | CZ64: 78309000 | DA64: 11396000 | DH64: 6842000 | DV64: =SUM(AO64:AZ64) -> 1007263895 | DW64: =SUM(BA64:BL64) -> 1953372145 | DX64: =SUM(BM64:BX64) -> 2224653997 | DY64: =SUM(BY64:CJ64) -> 2043598738 | DZ64: =SUM(CK64:CV64) -> 2300000441 | EA64: =SUM(CW64:DH64) -> 474513490 | EB64: =SUM(DI64:DT64) -> 0 | ED64: =SUM(B64:DU64) -> 13556500356
A65: 서비스랩 | BG65: 273900 | BH65: 7705500 | BI65: 11894300 | BJ65: 3269200 | BK65: 6051100 | BL65: 8778000 | BM65: 16179900 | BN65: 15006200 | BO65: 4854300 | BP65: 8608600 | BQ65: 8236800 | BR65: 15037000 | BS65: 15439600 | BT65: 13616900 | BU65: 17466900 | BV65: 12104400 | BW65: 11724900 | BX65: 10468700 | BY65: 10542400 | BZ65: 112200 | CC65: 396000 | CS65: 132000 | DW65: =SUM(BA65:BL65) -> 37972000 | DX65: =SUM(BM65:BX65) -> 148744200 | DY65: =SUM(BY65:CJ65) -> 11050600 | DZ65: =SUM(CK65:CV65) -> 132000 | EA65: =SUM(CW65:DH65) -> 0 | EB65: =SUM(DI65:DT65) -> 0 | ED65: =SUM(B65:DU65) -> 197898800
A66: 고명철(다토DATO) | AU66: 1705000 | AX66: 1760000 | AY66: 2673000 | AZ66: 4466000 | BB66: 3531000 | BD66: 3740000 | BE66: 1705000 | BF66: 2838000 | BG66: 3998500 | BH66: 880000 | BI66: 2981000 | BJ66: 2673000 | BK66: 4983000 | BM66: 9805400 | BO66: 4906000 | BP66: 4807000 | BQ66: 3773000 | BR66: 5527500 | BS66: 5049000 | BT66: 5346000 | BU66: 3751000 | BV66: 4163500 | BW66: 3520000 | BX66: 2959000 | BY66: 3577200 | CC66: 671000 | CD66: 1342000 | CE66: 495000 | DW66: =SUM(BA66:BL66) -> 27329500 | DX66: =SUM(BM66:BX66) -> 53607400 | DY66: =SUM(BY66:CJ66) -> 6085200 | DZ66: =SUM(CK66:CV66) -> 0 | EA66: =SUM(CW66:DH66) -> 0 | EB66: =SUM(DI66:DT66) -> 0 | ED66: =SUM(B66:DU66) -> 97626100
A67: 테라스테이지 | BG67: 352000 | DW67: =SUM(BA67:BL67) -> 352000 | DX67: =SUM(BM67:BX67) -> 0 | DY67: =SUM(BY67:CJ67) -> 0 | DZ67: =SUM(CK67:CV67) -> 0 | EA67: =SUM(CW67:DH67) -> 0 | EB67: =SUM(DI67:DT67) -> 0 | ED67: =SUM(B67:DU67) -> 352000
A68: 한국에스웨이 | BE68: 990000 | BL68: 4147000 | BM68: 6149000 | BP68: 1199000 | BQ68: 4290000 | BR68: 4719000 | DW68: =SUM(BA68:BL68) -> 5137000 | DX68: =SUM(BM68:BX68) -> 16357000 | DY68: =SUM(BY68:CJ68) -> 0 | DZ68: =SUM(CK68:CV68) -> 0 | EA68: =SUM(CW68:DH68) -> 0 | EB68: =SUM(DI68:DT68) -> 0 | ED68: =SUM(B68:DU68) -> 21494000
A69: 주식회사 이시스템 | BI69: 2029500 | DW69: =SUM(BA69:BL69) -> 2029500 | DX69: =SUM(BM69:BX69) -> 0 | DY69: =SUM(BY69:CJ69) -> 0 | DZ69: =SUM(CK69:CV69) -> 0 | EA69: =SUM(CW69:DH69) -> 0 | EB69: =SUM(DI69:DT69) -> 0 | ED69: =SUM(B69:DU69) -> 2029500
A70: 윈잉 | BI70: 66000 | BK70: 297000 | BM70: 217800 | BS70: 3231800 | BT70: 101200 | BU70: 746900 | BV70: 1265000 | BW70: 1087900 | BX70: 202400 | BZ70: 202400 | CA70: 106700 | CB70: 121000 | CC70: 213400 | CJ70: 90200 | DW70: =SUM(BA70:BL70) -> 363000 | DX70: =SUM(BM70:BX70) -> 6853000 | DY70: =SUM(BY70:CJ70) -> 733700 | DZ70: =SUM(CK70:CV70) -> 0 | EA70: =SUM(CW70:DH70) -> 0 | EB70: =SUM(DI70:DT70) -> 0 | ED70: =SUM(B70:DU70) -> 7949700
A71: ㈜좋은미디어 | BJ71: 1540000 | BU71: 2860000 | BV71: 5769500 | DW71: =SUM(BA71:BL71) -> 1540000 | DX71: =SUM(BM71:BX71) -> 8629500 | DY71: =SUM(BY71:CJ71) -> 0 | DZ71: =SUM(CK71:CV71) -> 0 | EA71: =SUM(CW71:DH71) -> 0 | EB71: =SUM(DI71:DT71) -> 0 | ED71: =SUM(B71:DU71) -> 10169500
A72: ㈜맥서브 | BJ72: 2079000 | BL72: 5076500 | BM72: 2420000 | DW72: =SUM(BA72:BL72) -> 7155500 | DX72: =SUM(BM72:BX72) -> 2420000 | DY72: =SUM(BY72:CJ72) -> 0 | DZ72: =SUM(CK72:CV72) -> 0 | EA72: =SUM(CW72:DH72) -> 0 | EB72: =SUM(DI72:DT72) -> 0 | ED72: =SUM(B72:DU72) -> 9575500
A73: (주)스카이쇼라이트->(주)스카이쇼랩 | BJ73: 99000 | BL73: 308000 | BQ73: 396000 | BU73: 1518000 | BW73: 704000 | BY73: 363000 | CC73: 286000 | CD73: 550000 | CG73: 572000 | CH73: 2024000 | CI73: 3278000 | CK73: 3586000 | CL73: 1859000 | CM73: 3586000 | CN73: 1859000 | CQ73: 3326730 | CR73: 2376000 | CS73: 220000 | CU73: 2255000 | CW73: 3525500 | CX73: 88000 | CZ73: 1425904 | DW73: =SUM(BA73:BL73) -> 407000 | DX73: =SUM(BM73:BX73) -> 2618000 | DY73: =SUM(BY73:CJ73) -> 7073000 | DZ73: =SUM(CK73:CV73) -> 19067730 | EA73: =SUM(CW73:DH73) -> 5039404 | EB73: =SUM(DI73:DT73) -> 0 | ED73: =SUM(B73:DU73) -> 34205134
A74: 하나SE | BK74: 220000 | BM74: 429000 | BQ74: 264000 | DW74: =SUM(BA74:BL74) -> 220000 | DX74: =SUM(BM74:BX74) -> 693000 | DY74: =SUM(BY74:CJ74) -> 0 | DZ74: =SUM(CK74:CV74) -> 0 | EA74: =SUM(CW74:DH74) -> 0 | EB74: =SUM(DI74:DT74) -> 0 | ED74: =SUM(B74:DU74) -> 913000
A75: 이컴퍼니 | BL75: 704000 | BM75: 99000 | DW75: =SUM(BA75:BL75) -> 704000 | DX75: =SUM(BM75:BX75) -> 99000 | DY75: =SUM(BY75:CJ75) -> 0 | DZ75: =SUM(CK75:CV75) -> 0 | EA75: =SUM(CW75:DH75) -> 0 | EB75: =SUM(DI75:DT75) -> 0 | ED75: =SUM(B75:DU75) -> 803000
A76: ㈜아이비에스 | BL76: 601700 | BM76: 1111000 | BN76: 1082400 | BO76: 1016400 | BP76: 508200 | BQ76: 1270500 | BR76: 762300 | BS76: 762300 | BT76: 1185800 | BU76: 1863400 | BV76: 1522400 | BW76: 1354100 | BX76: 1397000 | BY76: 1016400 | BZ76: 360800 | CA76: 1082400 | CB76: 631400 | CC76: 541200 | CE76: 3520000 | CF76: 721600 | CG76: 7425000 | CH76: 721600 | CI76: 132000 | CJ76: 541200 | CK76: 3788400 | CL76: 90200 | CM76: 3788400 | CN76: 90200 | CO76: 270600 | CP76: 396000 | CQ76: 4233900 | CR76: 4430800 | CS76: 1679700 | CT76: 2121900 | CU76: 3001900 | CV76: 1034000 | CZ76: 3526600 | DW76: =SUM(BA76:BL76) -> 601700 | DX76: =SUM(BM76:BX76) -> 13835800 | DY76: =SUM(BY76:CJ76) -> 16693600 | DZ76: =SUM(CK76:CV76) -> 24926000 | EA76: =SUM(CW76:DH76) -> 3526600 | EB76: =SUM(DI76:DT76) -> 0 | ED76: =SUM(B76:DU76) -> 59583700
A77: 주식회사 타원형 | BL77: 132000000 | BM77: 308138600 | BQ77: 99246400 | DW77: =SUM(BA77:BL77) -> 132000000 | DX77: =SUM(BM77:BX77) -> 407385000 | DY77: =SUM(BY77:CJ77) -> 0 | DZ77: =SUM(CK77:CV77) -> 0 | EA77: =SUM(CW77:DH77) -> 0 | EB77: =SUM(DI77:DT77) -> 0 | ED77: =SUM(B77:DU77) -> 539385000
A78: 로젠택배 | BY78: 363787380 | CK78: 168868330 | CL78: 62620400 | CM78: 168868330 | CN78: 62620400 | DX78: =SUM(BM78:BX78) -> 0 | DY78: =SUM(BY78:CJ78) -> 363787380 | DZ78: =SUM(CK78:CV78) -> 462977460 | EA78: =SUM(CW78:DH78) -> 0 | EB78: =SUM(DI78:DT78) -> 0 | ED78: =SUM(B78:DU78) -> 826764840
A79: 두더지오가 | BY79: 385021120 | DX79: =SUM(BM79:BX79) -> 0 | DY79: =SUM(BY79:CJ79) -> 385021120 | DZ79: =SUM(CK79:CV79) -> 0 | EA79: =SUM(CW79:DH79) -> 0 | EB79: =SUM(DI79:DT79) -> 0 | ED79: =SUM(B79:DU79) -> 385021120
A80: 채움서비스 | BY80: 52813200 | DJ80: ='2026년'!C129+'2026년'!C134+'2026년'!C138+'2026년'!C245 -> 41990930 | DX80: =SUM(BM80:BX80) -> 0 | DY80: =SUM(BY80:CJ80) -> 52813200 | DZ80: =SUM(CK80:CV80) -> 0 | EA80: =SUM(CW80:DH80) -> 0 | EB80: =SUM(DI80:DT80) -> 41990930 | ED80: =SUM(B80:DU80) -> 94804130
A81: 두잉피플플러스 | BM81: 2354000 | BN81: 121000 | CW81: 3036000 | CX81: 924000 | CY81: 1650000 | DX81: =SUM(BM81:BX81) -> 2475000 | DY81: =SUM(BY81:CJ81) -> 0 | DZ81: =SUM(CK81:CV81) -> 0 | EA81: =SUM(CW81:DH81) -> 5610000 | EB81: =SUM(DI81:DT81) -> 0 | ED81: =SUM(B81:DU81) -> 8085000
A82: ㈜진명스탭스 | BN82: 1698400 | BO82: 1619200 | BP82: 1602700 | BQ82: 1821600 | BR82: 1799600 | BS82: 2024000 | BT82: 2710400 | BU82: 3744400 | BV82: 404800 | BW82: 1416800 | BX82: 809600 | BY82: 809600 | CA82: 213400 | CB82: 426800 | CC82: 853600 | CD82: 213400 | DX82: =SUM(BM82:BX82) -> 19651500 | DY82: =SUM(BY82:CJ82) -> 2516800 | DZ82: =SUM(CK82:CV82) -> 0 | EA82: =SUM(CW82:DH82) -> 0 | EB82: =SUM(DI82:DT82) -> 0 | ED82: =SUM(B82:DU82) -> 22168300
A83: (주)에프앤비밸류파트너스 | BN83: 253000 | BO83: 4554000 | BP83: 5439500 | BQ83: 3921500 | BR83: 6957500 | BS83: 6198500 | BT83: 5945500 | BU83: 8728500 | BV83: 5060000 | DX83: =SUM(BM83:BX83) -> 47058000 | DY83: =SUM(BY83:CJ83) -> 0 | DZ83: =SUM(CK83:CV83) -> 0 | EA83: =SUM(CW83:DH83) -> 0 | EB83: =SUM(DI83:DT83) -> 0 | ED83: =SUM(B83:DU83) -> 47058000
A84: BTMS | BN84: 2017400 | BO84: 2933700 | BP84: 22445500 | BQ84: 37243800 | BR84: 21436800 | BS84: 59928000 | BT84: 52618500 | BU84: 52670200 | BV84: 27090800 | BW84: 13063600 | BX84: 44387200 | BY84: 33973500 | BZ84: 12086800 | CA84: 25668500 | CB84: 32367500 | CC84: 35620200 | CD84: 27200800 | CE84: 30746100 | CF84: 13922700 | CG84: 17125900 | CH84: 2577300 | CI84: 7148900 | CJ84: 6570300 | CK84: 7593300 | CL84: 5421900 | CM84: 7593300 | CN84: 5421900 | CO84: 3811500 | CP84: 3821400 | CQ84: 5058900 | CR84: 11041360 | CS84: 7233600 | CT84: 2075700 | CU84: 623700 | CV84: 330000 | CX84: 128700 | DX84: =SUM(BM84:BX84) -> 335835500 | DY84: =SUM(BY84:CJ84) -> 245008500 | DZ84: =SUM(CK84:CV84) -> 60026560 | EA84: =SUM(CW84:DH84) -> 128700 | EB84: =SUM(DI84:DT84) -> 0 | ED84: =SUM(B84:DU84) -> 640999260
A85: 힐빙코리아 | BO85: 123200 | BP85: 1478400 | DX85: =SUM(BM85:BX85) -> 1601600 | DY85: =SUM(BY85:CJ85) -> 0 | DZ85: =SUM(CK85:CV85) -> 0 | EA85: =SUM(CW85:DH85) -> 0 | EB85: =SUM(DI85:DT85) -> 0 | ED85: =SUM(B85:DU85) -> 1601600
A86: 서울사대 | BO86: 3279360 | BP86: 3279360 | BQ86: 3279360 | BR86: 3279360 | BS86: 3279360 | BT86: 3279360 | BU86: 3279360 | BV86: 3279360 | BW86: 3279360 | BX86: 3279360 | BY86: 3279360 | BZ86: 3279380 | DX86: =SUM(BM86:BX86) -> 32793600 | DY86: =SUM(BY86:CJ86) -> 6558740 | DZ86: =SUM(CK86:CV86) -> 0 | EA86: =SUM(CW86:DH86) -> 0 | EB86: =SUM(DI86:DT86) -> 0 | ED86: =SUM(B86:DU86) -> 39352340
A87: 서울공예박물관 | BP87: 8531890 | BQ87: 17063780 | BS87: 8531890 | BT87: 8531890 | BU87: 14491690 | BV87: 13078520 | BW87: 13419960 | BX87: 27753350 | BZ87: 15480440 | CA87: 31097560 | DX87: =SUM(BM87:BX87) -> 111402970 | DY87: =SUM(BY87:CJ87) -> 46578000 | DZ87: =SUM(CK87:CV87) -> 0 | EA87: =SUM(CW87:DH87) -> 0 | EB87: =SUM(DI87:DT87) -> 0 | ED87: =SUM(B87:DU87) -> 157980970
A88: 부경에스이에스 | BP88: 2970000 | BS88: 770000 | BT88: 770000 | BU88: 770000 | BV88: 770000 | BW88: 3740000 | BX88: 770000 | BY88: 770000 | BZ88: 770000 | CA88: 770000 | DX88: =SUM(BM88:BX88) -> 10560000 | DY88: =SUM(BY88:CJ88) -> 2310000 | DZ88: =SUM(CK88:CV88) -> 0 | EA88: =SUM(CW88:DH88) -> 0 | EB88: =SUM(DI88:DT88) -> 0 | ED88: =SUM(B88:DU88) -> 12870000
A89: 새론피엠에스 | BP89: 511500 | BQ89: 4262500 | BR89: 2502500 | BS89: 2640000 | BT89: 2310000 | BU89: 220000 | DX89: =SUM(BM89:BX89) -> 12446500 | DY89: =SUM(BY89:CJ89) -> 0 | DZ89: =SUM(CK89:CV89) -> 0 | EA89: =SUM(CW89:DH89) -> 0 | EB89: =SUM(DI89:DT89) -> 0 | ED89: =SUM(B89:DU89) -> 12446500
A90: 정안피엠에스 | BR90: 940550 | BS90: 2403500 | BT90: 3239500 | BU90: 1985500 | BV90: 836000 | BW90: 940500 | BX90: 1149500 | BY90: 1881000 | BZ90: 1320000 | CA90: 1650000 | CB90: 3300000 | CC90: 5170000 | CD90: 8140000 | CE90: 5390000 | CF90: 2530000 | CG90: 1870000 | CH90: 2530000 | CI90: 3740000 | CJ90: 2970000 | CK90: 5280000 | CL90: 3740000 | CM90: 5280000 | CN90: 3740000 | CO90: 1430000 | CP90: 2249500 | CQ90: 3740000 | CR90: 5170000 | CS90: 4510000 | CT90: 3300000 | CU90: 3080000 | CV90: 2750000 | DX90: =SUM(BM90:BX90) -> 11495050 | DY90: =SUM(BY90:CJ90) -> 40491000 | DZ90: =SUM(CK90:CV90) -> 44269500 | EA90: =SUM(CW90:DH90) -> 0 | EB90: =SUM(DI90:DT90) -> 0 | ED90: =SUM(B90:DU90) -> 96255550
A91: 춘천농협 | BT91: 1029600 | DX91: =SUM(BM91:BX91) -> 1029600 | DY91: =SUM(BY91:CJ91) -> 0 | DZ91: =SUM(CK91:CV91) -> 0 | EA91: =SUM(CW91:DH91) -> 0 | EB91: =SUM(DI91:DT91) -> 0 | ED91: =SUM(B91:DU91) -> 1029600
A92: ㈜고암 | BT92: 2029500 | DX92: =SUM(BM92:BX92) -> 2029500 | DY92: =SUM(BY92:CJ92) -> 0 | DZ92: =SUM(CK92:CV92) -> 0 | EA92: =SUM(CW92:DH92) -> 0 | EB92: =SUM(DI92:DT92) -> 0 | ED92: =SUM(B92:DU92) -> 2029500
A93: 티지아이 | BW93: 4592500 | BX93: 7370000 | BY93: 8448000 | BZ93: 8976000 | CA93: 7788000 | CB93: 7524000 | CC93: 8448000 | CD93: 8844000 | CE93: 8448000 | CF93: 8712000 | CG93: 8580000 | CH93: 7199500 | CI93: 12237500 | CJ93: 11137500 | CK93: 11687500 | CL93: 11550000 | CM93: 11687500 | CN93: 11550000 | CO93: 8811000 | CP93: 10296000 | CQ93: 8882500 | CR93: 7733000 | CS93: 6462500 | CT93: 6737500 | CU93: 8453500 | CV93: 5362500 | CW93: 7506400 | CX93: 10151900 | CY93: 10189300 | CZ93: 9941800 | DX93: =SUM(BM93:BX93) -> 11962500 | DY93: =SUM(BY93:CJ93) -> 106342500 | DZ93: =SUM(CK93:CV93) -> 109213500 | EA93: =SUM(CW93:DH93) -> 37789400 | EB93: =SUM(DI93:DT93) -> 0 | ED93: =SUM(B93:DU93) -> 265307900
A94: 조양국제종합물류 | BW94: 17411667 | BX94: 22697593 | BY94: 7221181 | BZ94: 5555684 | CA94: 427747 | DX94: =SUM(BM94:BX94) -> 40109260 | DY94: =SUM(BY94:CJ94) -> 13204612 | DZ94: =SUM(CK94:CV94) -> 0 | EA94: =SUM(CW94:DH94) -> 0 | EB94: =SUM(DI94:DT94) -> 0 | ED94: =SUM(B94:DU94) -> 53313872
A95: 케어마스터 | BX95: 303600 | BY95: 607200 | DX95: =SUM(BM95:BX95) -> 303600 | DY95: =SUM(BY95:CJ95) -> 607200 | DZ95: =SUM(CK95:CV95) -> 0 | EA95: =SUM(CW95:DH95) -> 0 | EB95: =SUM(DI95:DT95) -> 0 | ED95: =SUM(B95:DU95) -> 910800
A96: 피앤케이네트웍스 | CA96: 3818798 | DY96: =SUM(BY96:CJ96) -> 3818798 | DZ96: =SUM(CK96:CV96) -> 0 | EA96: =SUM(CW96:DH96) -> 0 | EB96: =SUM(DI96:DT96) -> 0 | ED96: =SUM(B96:DU96) -> 3818798
A97: ㈜에스엠서비스 | CC97: 213400 | DY97: =SUM(BY97:CJ97) -> 213400 | DZ97: =SUM(CK97:CV97) -> 0 | EA97: =SUM(CW97:DH97) -> 0 | EB97: =SUM(DI97:DT97) -> 0 | ED97: =SUM(B97:DU97) -> 213400
A98: ㈜쇼라이트 | CD98: 335500 | DY98: =SUM(BY98:CJ98) -> 335500 | DZ98: =SUM(CK98:CV98) -> 0 | EA98: =SUM(CW98:DH98) -> 0 | EB98: =SUM(DI98:DT98) -> 0 | ED98: =SUM(B98:DU98) -> 335500
A99: 완도군내LH1단지 | CD99: 4639690 | CE99: 4011120 | CF99: 4634090 | CG99: 4628310 | CH99: 4340770 | CI99: 4647400 | CJ99: 4663920 | CK99: 4752310 | CL99: 4752310 | CM99: 4752310 | CN99: 4752310 | CO99: 4769740 | CP99: 4739820 | CQ99: 7005534 | CR99: 4561405 | CS99: 4872410 | CT99: 4761120 | CU99: 4761120 | CV99: 4761120 | CW99: 4761120 | CX99: 4761120 | CY99: 4840660 | CZ99: 4844860 | DA99: 4840660 | DB99: 4840660 | DC99: 4840660 | DD99: 4840660 | DE99: 4841580 | DF99: 5262850 | DG99: 4841580 | DH99: 4841580 | DI99: ='2026년'!C131 -> 4977420 | DJ99: ='2026년'!C286 -> 4986800 | DY99: =SUM(BY99:CJ99) -> 31565300 | DZ99: =SUM(CK99:CV99) -> 59241509 | EA99: =SUM(CW99:DH99) -> 58357990 | EB99: =SUM(DI99:DT99) -> 9964220 | ED99: =SUM(B99:DU99) -> 159129019
A100: 라이트온스테이지 | CE100: 682000 | CF100: 792000 | DY100: =SUM(BY100:CJ100) -> 1474000 | DZ100: =SUM(CK100:CV100) -> 0 | EA100: =SUM(CW100:DH100) -> 0 | EB100: =SUM(DI100:DT100) -> 0 | ED100: =SUM(B100:DU100) -> 1474000
...

Sheet 주차
A1: 구분 | B1: 6월 | C1: 주차비 | D1: 공급가액 | E1: 부가세 | F1: 카드 수수료 | G1: 통장입금액
A2: 파주 | B2: 금촌 | C2: 4126100 | D2: 3959117 | E2: 186127 | F2: 36837 | G2: 4089263
B3: 문산 | C3: 4333575 | D3: 4228439 | E3: 114681 | F3: 22791 | G3: 4310784
B4: 법원사거리 | C4: 3412475 | D4: 3285739 | E4: 175193 | F4: 27091 | G4: 3385384
A5: 용인 | B5: 다보스병원 | C5: 9927930 | D5: 9034488 | E5: 896169 | F5: 196081 | G5: 9731849
A6: 계 | C6: =SUM(C2:C5) -> 21800080 | D6: =SUM(D2:D5) -> 20507783 | E6: =SUM(E2:E5) -> 1372170 | F6: =SUM(F2:F5) -> 282800 | G6: =SUM(G2:G5) -> 21517280
A7: 구분 | B7: 7월 | C7: 주차비 | D7: 공급가액 | E7: 부가세 | F7: 카드 수수료 | G7: 통장입금액
A8: 파주 | B8: 금촌 | C8: 5014660 | D8: 4786925 | E8: 227735 | F8: 49081 | G8: 4965579
B9: 문산 | C9: 5574770 | D9: 5450655 | E9: 140023 | F9: 28943 | G9: 5545827
B10: 법원사거리 | C10: 3728975 | D10: 3610580 | E10: 187552 | F10: 23963 | G10: 3705012
A11: 용인 | B11: 다보스병원 | C11: 12775200 | D11: 11704129 | E11: 1075616 | F11: 237094 | G11: 12588106
A12: 계 | C12: =SUM(C8:C11) -> 27093605 | D12: =SUM(D8:D11) -> 25552289 | E12: =SUM(E8:E11) -> 1630926 | F12: =SUM(F8:F11) -> 339081 | G12: =SUM(G8:G11) -> 26804524
A13: 구분 | B13: 8월 | C13: 주차비 | D13: 공급가액 | E13: 부가세 | F13: 카드 수수료 | G13: 통장입금액
A14: 파주 | B14: 금촌 | C14: 4177600 | D14: 4007509 | E14: 170091 | F14: 36791 | G14: 4140840
B15: 문산 | C15: 3974845 | D15: 3925090 | E15: 56118 | F15: 11152 | G15: 3963693
B16: 법원사거리 | C16: 3160775 | D16: 3058793 | E16: 143977 | F16: 21178 | G16: 3139597
A17: 용인 | B17: 다보스병원 | C17: 12420300 | D17: 11333264 | E17: 1088854 | F17: 237274 | G17: 12183026
A18: 계 | C18: =SUM(C14:C17) -> 23733520 | D18: =SUM(D14:D17) -> 22324656 | E18: =SUM(E14:E17) -> 1459040 | F18: =SUM(F14:F17) -> 306395 | G18: =SUM(G14:G17) -> 23427156
A19: 구분 | B19: 9월 | C19: 주차비 | D19: 공급가액 | E19: 부가세 | F19: 카드 수수료 | G19: 통장입금액
A20: 파주 | B20: 금촌 | C20: 4340450 | D20: 4167329 | E20: 173193 | F20: 37062 | G20: 4303388
B21: 문산 | C21: 4900250 | D21: 4747223 | E21: 159490 | F21: 36020 | G21: 4864230
B22: 법원사거리 | C22: 2930450 | D22: 2845611 | E22: 128769 | F22: 17218 | G22: 2913232
A23: 용인 | B23: 다보스병원 | C23: 14713500 | D23: 13605235 | E23: 1115537 | F23: 242475 | G23: 14471025
A24: 계 | C24: =SUM(C20:C23) -> 26884650 | D24: =SUM(D20:D23) -> 25365398 | E24: =SUM(E20:E23) -> 1576989 | F24: =SUM(F20:F23) -> 332775 | G24: =SUM(G20:G23) -> 26551875
A25: 구분 | B25: 10월 | C25: 주차비 | D25: 공급가액 | E25: 부가세 | F25: 카드 수수료 | G25: 통장입금액
A26: 파주 | B26: 금촌 | C26: 3898300 | D26: 3721300 | E26: 177236 | F26: 34595 | G26: 3863705
B27: 문산 | C27: 4285650 | D27: 4167178 | E27: 137633 | F27: 27986 | G27: 4257664
B28: 법원사거리 | C28: 2416200 | D28: 2332512 | E28: 120357 | F28: 17056 | G28: 2399144
A29: 용인 | B29: 다보스병원 | C29: 11900400 | D29: 10860525 | E29: 1050964 | F29: 228741 | G29: 11671659
A30: 계 | C30: =SUM(C26:C29) -> 22500550 | D30: =SUM(D26:D29) -> 21081515 | E30: =SUM(E26:E29) -> 1486190 | F30: =SUM(F26:F29) -> 308378 | G30: =SUM(G26:G29) -> 22192172
A31: 구분 | B31: 11월 | C31: 주차비 | D31: 공급가액 | E31: 부가세 | F31: 카드 수수료 | G31: 통장입금액
A32: 파주 | B32: 금촌 | C32: 3065725 | D32: 2951148 | E32: 114577 | F32: 24520 | G32: 3041205
B33: 문산 | C33: 4118800 | D33: 3996346 | E33: 128817 | F33: 27698 | G33: 4091102
B34: 법원사거리 | C34: 2546315 | D34: 2462869 | E34: 120495 | F34: 16677 | G34: 2529638
A35: 용인 | B35: 다보스병원 | C35: 13681900 | D35: 12719105 | E35: 964613 | F35: 216616 | G35: 13465284
A36: 계 | C36: =SUM(C32:C35) -> 23412740 | D36: =SUM(D32:D35) -> 22129468 | E36: =SUM(E32:E35) -> 1328502 | F36: =SUM(F32:F35) -> 285511 | G36: =SUM(G32:G35) -> 23127229
A37: 구분 | B37: 12월 | C37: 주차비 | D37: 공급가액 | E37: 부가세 | F37: 카드 수수료 | G37: 통장입금액
A38: 파주 | B38: 금촌 | C38: 3353940 | D38: 3208056 | E38: 145884 | F38: 31018 | G38: 3322922
B39: 문산 | C39: 3997700 | D39: 3861139 | E39: 136561 | F39: 30071 | G39: 3967629
B40: 법원사거리 | C40: 2547275 | D40: 2454759 | E40: 137829 | F40: 19620 | G40: 2527655
A41: 용인 | B41: 다보스병원 | C41: 14078100 | D41: 12942175 | E41: 1148651 | F41: 254264 | G41: 13823836
A42: 계 | C42: =SUM(C38:C41) -> 23977015 | D42: =SUM(D38:D41) -> 22466129 | E42: =SUM(E38:E41) -> 1568925 | F42: =SUM(F38:F41) -> 334973 | G42: =SUM(G38:G41) -> 23642042
A43: 구분 | B43: 1월 | C43: 주차비 | D43: 공급가액 | E43: 부가세 | F43: 카드 수수료 | G43: 통장입금액
A44: 용인 | B44: 다보스병원 | C44: 6982700 | D44: 6391619 | E44: 591081 | F44: 131941 | G44: 6850759
A45: 계 | C45: =SUM(C44) -> 6982700 | D45: =SUM(D44) -> 6391619 | E45: =SUM(E44) -> 591081 | F45: =SUM(F44) -> 131941 | G45: =SUM(G44) -> 6850759
A46: 구분 | B46: 2월 | C46: 주차비 | D46: 공급가액 | E46: 부가세 | F46: 카드 수수료 | G46: 통장입금액
A47: 용인 | B47: 다보스병원
A48: 계 | C48: =SUM(C47) -> 0 | D48: =SUM(D47) -> 0 | E48: =SUM(E47) -> 0 | F48: =SUM(F47) -> 0 | G48: =SUM(G47) -> 0
A49: 구분 | B49: 3월 | C49: 주차비 | D49: 공급가액 | E49: 부가세 | F49: 카드 수수료 | G49: 통장입금액
A50: 용인 | B50: 다보스병원
A51: 계 | C51: =SUM(C50) -> 0 | D51: =SUM(D50) -> 0 | E51: =SUM(E50) -> 0 | F51: =SUM(F50) -> 0 | G51: =SUM(G50) -> 0

Sheet 2026년
A1: 날짜 | B1: 적요 | C1: 입금액(원) | D1: 출금액(원) | E1: 잔액(원) | F1: 계산서발행일 | G1: 계좌
A2: 전월이월 | E2: -56067066
A3: 46023 | B3: 파주 주차비 | C3: 42100 | E3: =E2+C3-D3 -> -56024966 | G3: 하나
A4: 46024 | B4: 다보스 주차비 | C4: 456982 | E4: =E3+C4-D4 -> -55567984 | G4: 하나
B5: 파주 주차비 | C5: 276346 | E5: =E4+C5-D5 -> -55291638 | G5: 하나
B6: 주식회사 쏘카 | C6: 440000 | E6: =E5+C6-D6 -> -54851638 | G6: 하나
B7: 국민윤희중-다보스 인건비 | D7: 241750 | E7: =E6+C7-D7 -> -55093388 | G7: 우리
B8: 농협한승철-다보스 인건비 | D8: 193400 | E8: =E7+C8-D8 -> -55286788 | G8: 우리
B9: 신한김동영-파주 인건비 | D9: 483500 | E9: =E8+C9-D9 -> -55770288 | G9: 우리
B10: 신한황태원(황태원)-다보스 생수 | D10: 28600 | E10: =E9+C10-D10 -> -55798888 | G10: 우리
B11: 농협한전(문산분회)-파주 전기요금 | D11: 122190 | E11: =E10+C11-D11 -> -55921078 | G11: 우리
B12: 농협이가영-금촌 식대 | D12: 37000 | E12: =E11+C12-D12 -> -55958078 | G12: 우리
A13: 46025 | B13: 파주 주차비 | C13: 1000 | E13: =E12+C13-D13 -> -55957078 | G13: 하나
A14: 46027 | B14: (주)삼구아이앤씨-소노벨 룸메이드 | C14: 34674420 | E14: =E13+C14-D14 -> -21282658 | F14: 46019 | G14: 우리
B15: 이경미 | D15: 26500000 | E15: =E14+C15-D15 -> -47782658 | G15: 우리
B16: 다보스 주차비 | C16: 413892 | E16: =E15+C16-D16 -> -47368766 | G16: 하나
B17: 파주 주차비 | C17: 128185 | E17: =E16+C17-D17 -> -47240581 | G17: 하나
A18: 46028 | B18: 다보스 주차비 | C18: 688049 | E18: =E17+C18-D18 -> -46552532 | G18: 하나
B19: 파주 주차비 | C19: 75791 | E19: =E18+C19-D19 -> -46476741 | G19: 하나
B20: 도봉（２１０） | D20: 6000000 | E20: =E19+C20-D20 -> -52476741 | F20: 부가가치세 납부 | G20: 기업
A21: 46029 | B21: 다보스 주차비 | C21: 1032797 | E21: =E20+C21-D21 -> -51443944 | G21: 하나
B22: 파주 주차비 | C22: 2164 | E22: =E21+C22-D22 -> -51441780 | G22: 하나
A23: 46030 | B23: 다보스 주차비 | C23: 361108 | E23: =E22+C23-D23 -> -51080672 | G23: 하나
B24: 75698007209642-00001 | D24: 748756 | E24: =E23+C24-D24 -> -51829428 | F24: 대출이자 | G24: 하나
A25: 46031 | B25: (주)삼구아이앤씨 | C25: 49743045 | E25: =E24+C25-D25 -> -2086383.3 | F25: 46026 | G25: 우리
B26: (주)삼구아이앤씨 | C26: 7353918 | E26: =E25+C26-D26 -> 5267534.7 | F26: 46026 | G26: 우리
B27: 주식회사 우림 | D27: 55816618 | E27: =E26+C27-D27 -> -50549083 | F27: 소노벨, 소노캄 | G27: 우리
B28: 토뱅최원희-다보스 인건비 | D28: 48350 | E28: =E27+C28-D28 -> -50597433 | G28: 우리
B29: 국민윤희중-다보스 인건비 | D29: 145050 | E29: =E28+C29-D29 -> -50742483 | G29: 우리
B30: 다보스 주차비 | C30: 355533 | E30: =E29+C30-D30 -> -50386950 | G30: 하나
B31: 조은커뮤니-H | D31: 38500 | E31: =E30+C31-D31 -> -50425450 | G31: 하나
B32: 이경미 | C32: 13000000 | E32: =E31+C32-D32 -> -37425450 | G32: 기업
A33: 46032 | B33: 12/21~말일 케이엠파크 미지급급여 | D33: 8246190 | E33: =E32+C33-D33 -> -45671640 | G33: 우리
B34: 소재덕? | D34: 91865 | E34: =E33+C34-D34 -> -45763505 | G34: 우리
B35: 완도급여(2명) | D35: 4168940 | E35: =E34+C35-D35 -> -49932445 | G35: 기업
B36: 박준식-경비수수료 | D36: 200000 | E36: =E35+C36-D36 -> -50132445 | G36: 기업
A37: 46034 | B37: 다보스 주차비 | C37: 397300 | E37: =E36+C37-D37 -> -49735145 | G37: 하나
B38: 신화에스피씨주식회사-김포현대 | C38: 8112500 | E38: =E37+C38-D38 -> -41622645 | F38: 46020 | G38: 기업
B39: (주)케이엠파크 | C39: 122627311 | E39: =E38+C39-D39 -> 81004666 | F39: 46022 | G39: 기업
B40: 임원급여(이경미) | D40: 4000000 | E40: =E39+C40-D40 -> 77004666 | G40: 기업
B41: 직원급여(5명) | D41: 13400000 | E41: =E40+C41-D41 -> 63604666 | G41: 기업
B42: 이경미(신촌) | D42: 13556930 | E42: =E41+C42-D42 -> 50047736 | G42: 기업
B43: 이경미(용인) | D43: 2500000 | E43: =E42+C43-D43 -> 47547736 | G43: 기업
B44: 잡코리아（유） | D44: 3400000 | E44: =E43+C44-D44 -> 44147736 | F44: 알바몬 2/3 | G44: 기업
B45: 주식회사피앤케이네 | D45: 14967561 | E45: =E44+C45-D45 -> 29180175 | G45: 기업
B46: 배옥현 | D46: 430000 | E46: =E45+C46-D46 -> 28750175 | F46: 소노벨 기숙사 월세 | G46: 기업
B47: 심재은 | D47: 400000 | E47: =E46+C47-D47 -> 28350175 | F47: 소노벨 기숙사 월세 | G47: 기업
B48: 장성호 | D48: 400000 | E48: =E47+C48-D48 -> 27950175 | F48: 소노벨 기숙사 월세 | G48: 기업
B49: 마시원 | D49: 400000 | E49: =E48+C49-D49 -> 27550175 | F49: 소노벨 기숙사 월세 | G49: 기업
B50: 정근미 | D50: 400000 | E50: =E49+C50-D50 -> 27150175 | F50: 소노벨 기숙사 월세 | G50: 기업
B51: 장성호 | D51: 420000 | E51: =E50+C51-D51 -> 26730175 | F51: 소노벨 기숙사 월세 | G51: 기업
B52: 국세조회일괄납부012600000 | D52: 2713700 | E52: =E51+C52-D52 -> 24016475 | F52: 사업소득세 | G52: 기업
B53: 국세조회일괄납부012600000 | D53: 541670 | E53: =E52+C53-D53 -> 23474805 | F53: 근로소득세 | G53: 기업
B54: 지방세납부 | D54: 324990 | E54: =E53+C54-D54 -> 23149815 | G54: 기업
B55: 조은커뮤니 | D55: 27500 | E55: =E54+C55-D55 -> 23122315
B56: 국민건강2512 | D56: 2987500 | E56: =E55+C56-D56 -> 20134815
B57: 국민연금2512 | D57: 2963920 | E57: =E56+C57-D57 -> 17170895
B58: 산재보험2512 | D58: 199390 | E58: =E57+C58-D58 -> 16971505
B59: 고용보험2512 | D59: 444600 | E59: =E58+C59-D59 -> 16526905
B60: 합산보험2512 | D60: 361070 | E60: =E59+C60-D60 -> 16165835
B61: 다보스 근무자 급여 | D61: 12263778 | E61: =E60+C61-D61 -> 3902056.7 | G61: 우리
B62: 파주 근무자 급여 | D62: 7162854 | E62: =E61+C62-D62 -> -3260797.3 | G62: 우리
B63: 신한(의)영문의료재 | D63: 678000 | E63: =E62+C63-D63 -> -3938797.3 | F63: 46022 | G63: 우리
B64: 신한(의)영문의료재 | D64: 1650000 | E64: =E63+C64-D64 -> -5588797.3 | F64: 46016 | G64: 우리 | L64: 인건비
B65: 나이스파크 | D65: 440000 | E65: =E64+C65-D65 -> -6028797.3 | F65: 46016 | G65: 우리
B66: 기업(주)새롬소프트 | D66: 3300000 | E66: =E65+C66-D66 -> -9328797.3 | F66: 45951 | G66: 우리 | K66: 다보스 일급 | L66: =D7+D8+D9+D28+D29+D70+D92+D93+D94+D140+D141+D142+D143 -> 3065392
A67: 46035 | B67: 다보스 주차비 | C67: 621125 | E67: =E66+C67-D67 -> -8707672.3 | G67: 하나
B68: 파주 주차비 | C68: 1500 | E68: =E67+C68-D68 -> -8706172.3 | F68: 파주 주차장 계약기간 종료됐는데 오입금 | G68: 하나 | K68: 완도 | L68: =4803460 -> 4803460
B69: 1221000428172 | D69: 6710063 | E69: =E68+C69-D69 -> -15416235 | F69: 대출원금+이자 | G69: 우리
B70: 국민한종찬 | D70: 106062 | E70: =E69+C70-D70 -> -15522297 | F70: 다보스 퇴직자 연차수당 | G70: 우리 | N70: 미지급급여
B71: 이경미 | D71: 3000000 | E71: =E70+C71-D71 -> -18522297 | G71: 기업 | K71: 룸메이드 | L71: =45220950+6685380+35047300+3871460+32742000+3252820+35502950+3903900 -> 166226760 | M71: 합계 | N71: =SUM(N72:N81) -> 14999360
B72: 삼성화01015 | D72: 300000 | E72: =E71+C72-D72 -> -18822297 | G72: 기업 | K72: 1 | L72: 162460 | N72: 0
B73: 통장재발행 2천원 + 6150원 otp카드 구입비 | D73: 8150 | E73: =E72+C73-D73 -> -18830447 | G73: 하나 | K73: 2 | L73: 1764810 | N73: 1045360
A74: 46036 | B74: 다보스 주차비 | C74: 875424 | E74: =E73+C74-D74 -> -17955023 | G74: 하나 | K74: 3 | L74: 181800 | N74: 105410
B75: 롯데카드 | D75: 1599750 | E75: =E74+C75-D75 -> -19554773 | G75: 기업 | K75: 4 | L75: 162460 | N75: 105410
B76: 롯데카드 | D76: 1395310 | E76: =E75+C76-D76 -> -20950083 | G76: 기업 | K76: 5 | L76: 0 | N76: 2991050
B77: 롯데카드 | D77: 27700 | E77: =E76+C77-D77 -> -20977783 | G77: 기업 | K77: 6 | L77: 0 | N77: =2593250-9670 -> 2583580
A78: 46037 | B78: BNK캐피탈 | D78: 437200 | E78: =E77+C78-D78 -> -21414983 | G78: 기업 | K78: 7 | L78: 0 | N78: 2676760
B79: 아마존카 | D79: 507100 | E79: =E78+C79-D79 -> -21922083 | G79: 기업 | K79: 8 | L79: 0 | N79: 2674820
B80: 삼성생명약대 | D80: 1294268 | E80: =E79+C80-D80 -> -23216351 | G80: 기업 | K80: 9 | L80: 0 | N80: 2711560
B81: 다보스 주차비 | C81: 277313 | E81: =E80+C81-D81 -> -22939038 | G81: 하나 | K81: 10 | L81: 419690 | N81: 105410
A82: 46038 | B82: (주)삼구아이앤씨-소노벨 룸메이드 | C82: 38552030 | E82: =E81+C82-D82 -> 15612992 | G82: 우리 | K82: 경비지도사 | L82: 200000 | M82: 합계 | N82: =SUM(N83:N92)+843280 -> 19011010 | O82: 강남세브 이지우 21~30일 근무분 선지급
B83: 이경미 | D83: 40800000 | E83: =E82+C83-D83 -> -25187008 | F83: 소노벨 + 소노캄 기물 + 소노캄 외국인 공급가액만 + 주재형500 | G83: 우리 | K83: 11 | L83: 181800 | N83: 105410
B84: 다보스 주차비 | C84: 354529 | E84: =E83+C84-D84 -> -24832479 | G84: 하나 | K84: 12 | L84: 0 | N84: 2611970
B85: 파주 주차비 | C85: 500 | D85: 1500 | E85: =E84+C85-D85 -> -24833479 | F85: 심삼순 오입금/노영찬 오입금분 출금완료 | G85: 하나 | K85: 13 | L85: 0 | N85: 2504620
B86: （주）휴먼엠에스＿Ｊ | D86: 28990 | E86: =E85+C86-D86 -> -24862469 | F86: 소노벨 기숙사 가스비-센트레힐 807호 계약종료 | G86: 기업 | K86: 14 | L86: 0 | N86: 2297680
A87: 46041 | B87: 다보스 주차비 | C87: 414726 | E87: =E86+C87-D87 -> -24447743 | G87: 하나 | K87: 15 | L87: 0 | N87: 2611970
B88: 2026결산 | C88: 729 | E88: =E87+C88-D88 -> -24447014 | G88: 기업 | K88: 16 | L88: 42550 | N88: 2506560
B89: 주식회사금강주택관리 | D89: 407410 | E89: =E88+C89-D89 -> -24854424 | F89: 소노벨 기숙사 관리비-센트레힐 807호 계약종료 | G89: 기업 | K89: 17 | L89: 224350 | N89: 105410
A90: 46042 | B90: 다보스 주차비 | C90: 402523 | E90: =E89+C90-D90 -> -24451901 | G90: 하나 | K90: 18 | L90: 162460 | N90: 105410
B91: 1/1~10일 케이엠파크 미지급급여 | D91: 14999360 | E91: =E90+C91-D91 -> -39451261 | G91: 하나 | K91: 19 | L91: 0 | N91: 2608090
B92: 최성수-다보스 인건비 | D92: 241750 | E92: =E91+C92-D92 -> -39693011 | G92: 하나 | K92: 20 | L92: 0 | N92: 2710610
B93: 윤희중-다보스 인건비 | D93: 290100 | E93: =E92+C93-D93 -> -39983111 | G93: 하나 | K93: 21 | L93: 0 | N93: 2506560
B94: 김동빈-다보스 인건비 | D94: 241750 | E94: =E93+C94-D94 -> -40224861 | G94: 하나 | K94: 22 | L94: 517350 | N94: 2541490
B95: KB생대출상환 | D95: 66788 | E95: =E94+C95-D95 -> -40291649 | G95: 기업 | K95: 23 | L95: 0 | N95: 2403090
A96: 46043 | B96: 다보스 주차비 | C96: 934610 | E96: =E95+C96-D96 -> -39357039 | G96: 하나 | K96: 24 | L96: 282370 | N96: 105410
B97: SKB6526429872 | D97: 11476 | E97: =E96+C97-D97 -> -39368515 | G97: 하나 | K97: 25 | L97: 162460 | N97: 105410
B98: KT5504028601 | D98: 66000 | E98: =E97+C98-D98 -> -39434515 | G98: 하나 | K98: 26 | L98: 0 | N98: 2506560
B99: KT5557045501 | D99: 11000 | E99: =E98+C99-D99 -> -39445515 | G99: 우리 | K99: 27 | L99: 133450 | N99: 2506560
A100: 46044 | B100: 대신자산신탁주식회 | C100: 3000000 | E100: =E99+C100-D100 -> -36445515 | F100: 센트레힐 807호 보증금 환수 | G100: 기업 | K100: 28 | L100: 0 | N100: 2297680
...

Sheet 2025년
A1: 날짜 | B1: 적요 | C1: 입금액(원) | D1: 출금액(원) | E1: 잔액(원) | F1: 계산서발행일 | G1: 계좌
A2: 전월이월 | E2: -35878873
A3: 45658 | B3: 이체수수료 | D3: 500 | E3: =E2+C3-D3 -> -35879373 | G3: 농협
B4: 전민근-12/31 근무안해서 환수 | C4: 96700 | E4: =E3+C4-D4 -> -35782673 | G4: 기업
B5: 이경미 | D5: 10000000 | E5: =E4+C5-D5 -> -45782673 | G5: 기업
A6: 45659 | B6: 신은자 | C6: 3100000 | E6: =E5+C6-D6 -> -42682673 | G6: 기업
B7: 삼성생명보험 | D7: 3052350 | E7: =E6+C7-D7 -> -45735023 | G7: 기업
A8: 45660 | B8: 정병욱(12/24~27 근무안해서 환수) | C8: 386800 | E8: =E7+C8-D8 -> -45348223 | G8: 기업
B9: 전민근(12/25,29 근무안해서 환수) | C9: 193400 | E9: =E8+C9-D9 -> -45154823 | G9: 기업
B10: 이경미 | C10: 4900000 | E10: =E9+C10-D10 -> -40254823 | G10: 기업
A11: 45661 | B11: 이경미 | C11: 3000000 | E11: =E10+C11-D11 -> -37254823 | G11: 기업
A12: 45662 | B12: 이체수수료 | D12: 500 | E12: =E11+C12-D12 -> -37255323 | G12: 신한
A13: 45663 | B13: 종로로젠 | C13: 48818170 | E13: =E12+C13-D13 -> 11562847 | F13: 11월, 12월 유령계산서 부가세만 입금 | G13: 우리
B14: 이경미 | D14: 15000000 | E14: =E13+C14-D14 -> -3437153 | G14: 우리
B15: 기업주식회사 모닝상 | D15: 15400 | E15: =E14+C15-D15 -> -3452553 | G15: 우리
A16: 45665 | B16: 75698007209642 | C16: 200000000 | E16: =E15+C16-D16 -> 196547447 | F16: 대출실행 | G16: 하나
B17: 75698007209642-00001 | D17: 75000 | E17: =E16+C17-D17 -> 196472447 | F17: 인지세 | G17: 하나
B18: 주식회사 휴먼엠에스 채권할인료 | D18: 190490 | E18: =E17+C18-D18 -> 196281957 | F18: 김희호 | G18: 하나
B19: 이체수수료 | D19: 500 | E19: =E18+C19-D19 -> 196281457 | G19: 하나
B20: 주식회사우성 | D20: 126356780 | E20: =E19+C20-D20 -> 69924677 | F20: 45665 | G20: 기업
B21: 파주도시관광공사 | D21: 42853664 | E21: =E20+C21-D21 -> 27071013 | F21: 합계45,109,120 | G21: 기업
B22: 파주도시관광공사 | D22: 2255456 | E22: =E21+C22-D22 -> 24815557 | G22: 기업
A23: 45666 | B23: 보증금 반환(12/30송금분) | C23: 2255456 | E23: =E22+C23-D23 -> 27071013 | G23: 기업
B24: 주식회사에이스조명 | C24: 825000 | E24: =E23+C24-D24 -> 27896013 | F24: 45657 | G24: 기업
A25: 45667 | B25: 호매실22 | C25: 14179005 | E25: =E24+C25-D25 -> 42075018 | F25: 45664 | G25: 농협
B26: 코아루아파트 | C26: 6180350 | E26: =E25+C26-D26 -> 48255368 | F26: 46022 | G26: 농협
B27: 부가가치세납부(3/3) | D27: 33108900 | E27: =E26+C27-D27 -> 15146468 | G27: 농협
B28: (주)두잉씨앤에스-하얏트 | C28: 18702200 | E28: =E27+C28-D28 -> 33848668 | F28: 46022 | G28: 기업
B29: (주)두잉씨앤에스-파크하얏트 | C29: 8157600 | E29: =E28+C29-D29 -> 42006268 | F29: 46022 | G29: 기업
B30: (주)두잉씨앤에스-더현대스마일 | C30: 2508000 | E30: =E29+C30-D30 -> 44514268 | F30: 46022 | G30: 기업
B31: (주)두잉씨앤에스-오크우드 | C31: 19136700 | E31: =E30+C31-D31 -> 63650968 | F31: 46022 | G31: 기업
B32: (주)두잉씨앤에스-소노벨 | C32: 20138250 | E32: =E31+C32-D32 -> 83789218 | F32: 46022 | G32: 기업
B33: (주)두잉씨앤에스-패파1 | C33: 1084600 | E33: =E32+C33-D33 -> 84873818 | F33: 46022 | G33: 기업
B34: (주)두잉씨앤에스-패파2 | C34: 1039500 | E34: =E33+C34-D34 -> 85913318 | F34: 46022 | G34: 기업
B35: (주)두잉씨앤에스-패파3 | C35: 2772000 | E35: =E34+C35-D35 -> 88685318 | F35: 46022 | G35: 기업
B36: (주)두잉씨앤에스-더현대 | C36: 13538250 | E36: =E35+C36-D36 -> 102223568 | F36: 46022 | G36: 기업
B37: 호산서비스-신라 | C37: 3443000 | E37: =E36+C37-D37 -> 105666568 | F37: 46022 | G37: 기업
B38: 호산서비스-풀만 | C38: 5610000 | E38: =E37+C38-D38 -> 111276568 | F38: 46022 | G38: 기업
B39: 호산서비스-용산드래곤 | C39: 3258750 | E39: =E38+C39-D39 -> 114535318 | F39: 46022 | G39: 기업
... B47: 비티엠써비스㈜ | C47: 376200 | E47: =E46+C47-D47 -> 234606777 | F47: 46022 | G47: 기업
B48: 파견직급여-15명 | D48: 41844748 | E48: =E47+C48-D48 -> 192762029 | G48: 우리
B49: 임원급여(2명) | D49: 5000000 | E49: =E48+C49-D49 -> 187762029 | G49: 기업
B50: 직원급여(7명) | D50: 18000000 | E50: =E49+C50-D50 -> 169762029 | G50: 기업
B51: 이종화-오크우드-퇴직금 | D51: 2807530 | E51: =E50+C51-D51 -> 166954499 | G51: 기업
B52: 박준식-경비지도사 수수료 | D52: 250000 | E52: =E51+C52-D52 -> 166704499 | G52: 기업
B53: 잡코리아유한책임회-알바몬(2/3) | D53: 5166500 | E53: =E52+C53-D53 -> 161537999 | G53: 기업
B54: 김종분（동광안전산업-A형 표지판) | D54: 120120 | E54: =E53+C54-D54 -> 161417879 | F54: 파주 공영주차장 | G54: 기업
B55: 주식회사피앤케이네 | D55: 12721359 | E55: =E54+C55-D55 -> 148696520 | G55: 기업 | L55: 인건비
B56: 이경미-주재형 | D56: 19252970 | E56: =E55+C56-D56 -> 129443550 | G56: 기업
B57: 국민건강2412 | D57: 3994660 | E57: =E56+C57-D57 -> 125448890 | G57: 기업 | K57: 광혜원 | L57: 7500000
B58: 국민연금2412 | D58: 2146460 | E58: =E57+C58-D58 -> 123302430 | G58: 기업 | K58: 군산 | L58: 9703780
B59: 산재보험2412 | D59: 146160 | E59: =E58+C59-D59 -> 123156270 | G59: 기업 | K59: 완도 | L59: 4348780
B60: 고용보험2412 | D60: 323960 | E60: =E59+C60-D60 -> 122832310 | G60: 기업 | K60: 판교 | L60: 12104180
B61: 합산보험2412 | D61: 594190 | E61: =E60+C61-D61 -> 122238120 | G61: 기업 | K61: 코트라 | L61: 2500000
B62: 사업소득세 | D62: 6496320 | E62: =E61+C62-D62 -> 115741800 | G62: 기업 | K62: 호매실 | L62: 12000000
B63: 근로소득세 | D63: 878730 | E63: =E62+C63-D63 -> 114863070 | G63: 기업 | K63: 1 | L63: 7102040
B64: 퇴직소득세 | D64: 29380 | E64: =E63+C64-D64 -> 114833690 | G64: 기업 | K64: 2 | L64: 10464750
B65: 지방소득세 | D65: 739810 | E65: =E64+C65-D65 -> 114093880 | G65: 기업 | K65: 3 | L65: 9659770
B66: 김남녕-강남세브(12/2~31,16일결근) | D66: 1972680 | E66: =E65+C66-D66 -> 112121200 | G66: 기업 | K66: 4 | L66: 7738250
A67: 45670 | B67: 1221000428172 | D67: 7010559 | E67: =E66+C67-D67 -> 105110641 | G67: 우리 | K67: 5 | L67: 7750070
B68: 삼성화01003 | D68: 300000 | E68: =E67+C68-D68 -> 104810641 | G68: 기업 | K68: 6 | L68: 6549830
B69: 조은커뮤니 | D69: 27500 | E69: =E68+C69-D69 -> 104783141 | G69: 기업 | K69: 7 | L69: 6723790
B70: 파주 입금분 | C70: 331730 | E70: =E69+C70-D70 -> 105114871 | G70: 하나 | K70: 8 | L70: 7718900
A71: 45671 | B71: ＫＢ손보（주）휴 | D71: 308800 | E71: =E70+C71-D71 -> 104806071 | F71: 파주 공영주차장 | G71: 기업 | K71: 9 | L71: 6566190
B72: ＫＢ손보（주）휴 | D72: 689200 | E72: =E71+C72-D72 -> 104116871 | F72: 파주 공영주차장 | G72: 기업 | K72: 10 | L72: 6942340
B73: ＫＢ손보（주）휴 | D73: 563200 | E73: =E72+C73-D73 -> 103553671 | F73: 파주 공영주차장 | G73: 기업 | K73: 경비지도사 | L73: 250000
B74: ＫＢ손보（주）휴 | D74: 555800 | E74: =E73+C74-D74 -> 102997871 | F74: 파주 공영주차장 | G74: 기업 | K74: 11 | L74: 5779320
B75: 롯데카드 | D75: 437300 | E75: =E74+C75-D75 -> 102560571 | G75: 기업 | K75: 12 | L75: 6536690
B76: 롯데카드 | D76: 1460820 | E76: =E75+C76-D76 -> 101099751 | G76: 기업 | K76: 13 | L76: 7843680
B77: 롯데카드 | D77: 56700 | E77: =E76+C77-D77 -> 101043051 | G77: 기업 | K77: 14 | L77: 8626900
B78: 파주 입금분 | C78: 247600 | E78: =E77+C78-D78 -> 101290651 | G78: 하나 | K78: 15 | L78: 6798310
B79: 파주 인건비 | D79: 193400 | E79: =E78+C79-D79 -> 101097251 | G79: 기업 | K79: 16 | L79: 6661000
A80: 45672 | B80: (주)삼구아이앤씨-기흥이케아 | C80: 902000 | E80: =E79+C80-D80 -> 101999251 | F80: 45627 | G80: 기업 | K80: 17 | L80: 7264550
B81: (주)에스에스엘 | C81: 1716000 | E81: =E80+C81-D81 -> 103715251 | F81: 45657 | G81: 기업 | K81: 18 | L81: 5717260
B82: 유한책임회사티지아이 | C82: 11111100 | E82: =E81+C82-D82 -> 114826351 | F82: 45657 | G82: 기업 | K82: 19 | L82: 5895110
B83: BNK캐피탈 | D83: 567400 | E83: =E82+C83-D83 -> 114258951 | G83: 기업 | K83: 20 | L83: 7348840
B84: 아마존카 | D84: 507100 | E84: =E83+C84-D84 -> 113751851 | G84: 기업 | K84: 21 | L84: 7541970
B85: 삼성01-003건 | D85: 5828050 | E85: =E84+C85-D85 -> 107923801 | G85: 기업 | K85: 22 | L85: 7053590
B86: 삼성생명약대 | D86: 1423362 | E86: =E85+C86-D86 -> 106500439 | G86: 기업 | K86: 23 | L86: 7434930
B87: 신한약대이자 | D87: 117538 | E87: =E86+C87-D87 -> 106382901 | G87: 기업 | K87: 24 | L87: 6995580
B88: 신한라이프2501-056 | D88: 1033600 | E88: =E87+C88-D88 -> 105349301 | G88: 기업 | K88: 25 | L88: 4923870
B89: 주식회사우성 | D89: 56118736 | E89: =E88+C89-D89 -> 49230565 | G89: 기업 | K89: 26 | L89: 5651380
B90: 파주 입금분 | C90: 299044 | E90: =E89+C90-D90 -> 49529609 | G90: 하나 | K90: 27 | L90: 9898980
B91: 파주 인건비 | D91: 193400 | E91: =E90+C91-D91 -> 49336209 | G91: 기업 | K91: 28 | L91: 8005170
A92: 45673 | B92: 파주 입금분 | C92: 401284 | E92: =E91+C92-D92 -> 49737493 | G92: 하나 | K92: 29 | L92: 8243050
B93: 파주 인건비 | D93: 193400 | E93: =E92+C93-D93 -> 49544093 | G93: 기업 | K93: 30 | L93: 6866970
A94: 45674 | B94: (주)삼구아이앤씨-인스파이어 | C94: 66130570 | E94: =E93+C94-D94 -> 115674663 | F94: 45657 | G94: 기업 | K94: 31 | L94: 8264310
B95: (주)삼구아이앤씨-인터파르 | C95: 2112000 | E95: =E94+C95-D95 -> 117786663 | F95: 45657 | G95: 기업 | L95: =SUM(L57:L94) -> 274974130 | N95: =L95-L73-L62-L61-L59-L58-L57-L60 -> 226567390
B96: (주)윌앤비전-라까사 | C96: 466400 | E96: =E95+C96-D96 -> 118253063 | F96: 45657 | G96: 기업 | L96: 기타인건비
B97: （주）메가프레스-신과장 명함 | D97: 19000 | E97: =E96+C97-D97 -> 118234063 | G97: 기업 | K97: 신촌 | L97: =ROUNDUP((31*110000+112*112000)*0.917,-1)-5000000 -> 9629820 | N97: 0
B98: 코스콤-본사인증서 갱신 | D98: 55000 | E98: =E97+C98-D98 -> 118179063 | G98: 기업 | K98: 강남 | L98: =N98+N99 -> 0 | M98: 0 | N98: =124000*M98*0.9 -> 0
B99: 대신자산신탁주식회-선납월세 | D99: 770000 | E99: =E98+C99-D99 -> 117409063 | G99: 기업 | K99: 용인 | L99: 3000000
B100: 대신자산신탁주식회-보증금 | D100: 3000000 | E100: =E99+C100-D100 -> 114409063 | G100: 기업 | L100: =SUM(L97:L99) -> 12629820
B101: 김정아-중개수수료 | D101: 321200 | E101: =E100+C101-D101 -> 114087863 | G101: 기업 | K101: 합계 | L101: =L95+L100 -> 287603950
B102: 파주 입금분 | C102: 422490 | E102: =E101+C102-D102 -> 114510353 | G102: 하나
B103: 파주 인건비 | D103: 193400 | E103: =E102+C103-D103 -> 114316953 | G103: 기업
A104: 45676 | B104: 파주 인건비 | D104: 96700 | E104: =E103+C104-D104 -> 114220253 | G104: 기업
A105: 45677 | B105: 2025년결산 | C105: 2420 | E105: =E104+C105-D105 -> 114222673 | G105: 기업
B106: (주)두잉씨앤에스-오크우드 | C106: 15709100 | E106: =E105+C106-D106 -> 129931773 | F106: 45672 | G106: 기업
B107: (주)두잉씨앤에스-더현대 | C107: 11670312 | E107: =E106+C107-D107 -> 141602085 | F107: 45672 | G107: 기업
...
