Workbook

Sheet 2026년 04월채움
A1: 2026년 04월 업체별 결산-외국인
A4: 도급 | B4: 상호 | C4: 지급액 | D4: 청구액 | E4: 차액 | F4: 결재 | G4: 입금 | H4: 미입금(세후)
A5: 두잉 | B5: 제주 | C5: =제주!N1 -> 0 | D5: =제주!P1 -> 0 | E5: =D5-C5 -> 0 | F5: 한달 | H5: =D5+(D5*10%)-G5 -> 0
A6: 삼구 | B6: 소노벨 | C6: =소노벨!O1 -> 58526840 | D6: =소노벨!Q1 -> 70429850 | E6: =D6-C6 -> 11903010 | F6: 매주 | G6: =23604295+27823510 -> 51427805 | H6: =D6+(D6*10%)-G6 -> 26045030
B7: 소노캄_기물 | C7: =소노캄_기물!O1 -> 12455000 | D7: =소노캄_기물!Q1 -> 14915000 | E7: =D7-C7 -> 2460000 | F7: 매주 | G7: 10381250 | H7: =D7+(D7*10%)-G7 -> 6025250
B8: 소노캄 | C8: =소노캄!N1 -> 37631740 | D8: =소노캄!P1 -> 46490140 | E8: =D8-C8 -> 8858400 | F8: 매주 | G8: 33338030 | H8: =D8+D9+((D8+D9)*10%)-G8 -> 22025124
B9: 소노캄_런드리 | C9: =소노캄_런드리!O3 -> 3200000 | D9: =소노캄_런드리!Q3 -> 3840000 | E9: =D9-C9 -> 640000 | F9: 매주
A10: ㈜프로에스콤 | B10: 포시 | C10: =포시!N1 -> 11131800 | D10: =포시!Q1 -> 12466800 | E10: =D10-C10 -> 1335000 | F10: 15/31 | G10: 13713480 | H10: =D10+(D10*10%)-G10 -> 0
B11: 시그니엘 | C11: =시그니엘!O1 -> 0 | D11: =시그니엘!R1 -> 0 | E11: =D11-C11 -> 0 | F11: 11/24 | H11: =D11+(D11*10%)-G11 -> 0
B12: 부산파크 | C12: =부산파크!O1 -> 350000 | D12: =부산파크!R1 -> 425000 | E12: =D12-C12 -> 75000 | F12: 15/31 | G12: 467500 | H12: =D12+(D12*10%)-G12 -> 0
A13: 호산서비스 | B13: 조선 | C13: =조선!O3 -> 1080000 | D13: =조선!R3 -> 1170000 | E13: =D13-C13 -> 90000 | F13: 15/31 | G13: 1287000 | H13: =D13+(D13*10%)-G13 -> 0
C14: =제주!O9 -> 0 | D14: =제주!Q9 -> 0 | E14: =D14-C14 -> 0
C15: =제주!O10 -> 0 | D15: =제주!Q10 -> 0 | E15: =D15-C15 -> 0
C16: =제주!O11 -> 0 | D16: =제주!Q11 -> 0 | E16: =D16-C16 -> 0
C17: =제주!O12 -> 0 | D17: =제주!Q12 -> 0 | E17: =D17-C17 -> 0
A18: 계 | C18: =SUM(C5:C17) -> 124375380 | D18: =SUM(D5:D17) -> 149736790 | E18: =SUM(E5:E17) -> 25361410 | G18: =SUM(G5:G17) -> 110615065 | H18: =SUM(H5:H17) -> 54095404
E19: =D19 -> 0

Sheet 제주
A1: 두잉-제주롯데호텔 | M1: 지급액 | N1: =SUM(K1:K9892) -> 0 | O1: 청구액 | P1: =SUM(L1:L9892) -> 0
A4: 날짜 | B4: 업체 | C4: 현장 | D4: 업무 | E4: 근무시간 | F4: 이름 | G4: 전화번호 | H4: 주민등록번호 | I4: 은행 | J4: 계좌번호 | K4: 지급액 | L4: 청구액

Sheet 조선
A1: 호산서비스-웨스턴 조선호텔
N3: 지급액 | O3: =SUM(K3:K9892) -> 1080000 | Q3: 청구액 | R3: =SUM(L3:L9892) -> 1170000
A4: 날짜 | B4: 업체 | C4: 현장 | D4: 업무 | E4: 근무시간 | F4: 이름 | G4: 총 근무일 | H4: 주민등록번호 | I4: 은행 | J4: 계좌번호 | K4: 지급액 | L4: 청구액
A5: 26.04.01~04.15 | B5: 호산서비스 | C5: 웨스틴 조선 서울 | D5: 룸메이드 | F5: 강미소 | G5: 4 | K5: =120000*G5 -> 480000 | L5: =130000*G5 -> 520000
A6: 26.04.01~04.15 | B6: 호산서비스 | C6: 웨스틴 조선 서울 | D6: 룸메이드 | F6: 김인정 | G6: 5 | K6: =120000*G6 -> 600000 | L6: =130000*G6 -> 650000

Sheet 소노벨
A1: 삼구-소노벨_룸메이드 | N1: 지급액 | O1: =SUM(K3:K9442) -> 58526840 | P1: 청구액 | Q1: =SUM(L3:L9442) -> 70429850 | R1: 이익금 | S1: =SUM(P1:P9442) -> 11903010
A4: 날짜 | B4: 업체 | C4: 현장 | D4: 업무 | E4: 근무시간 | F4: 이름 | G4: 전화번호 | H4: 주민등록번호 | I4: 은행 | J4: 계좌번호 | K4: 지급액 | L4: 청구액 | M4: 차감 | N4: 비고 | O4: 지급일 | P4: 차액
A5: 26.03.30~04.05 | B5: 삼구 | C5: 소노벨 | D5: 룸메이드 | F5: 할룽 | I5: 국민 | J5: 47940104348839 | K5: 550000 | L5: 650000 | O5: 4/10 지급 | P5: =L5-K5 -> 100000
A6: 26.03.30~04.05 | B6: 삼구 | C6: 소노벨 | D6: 룸메이드 | F6: 린 | I6: 하나 | J6: 35491018079107 | K6: 550000 | L6: 550000 | O6: 4/10 지급 | P6: =L6-K6 -> 0
A7: 26.03.30~04.05 | B7: 삼구 | C7: 소노벨 | D7: 룸메이드 | F7: 준호 | I7: 하나 | J7: 23391065673307 | K7: 536900 | L7: 636900 | O7: 4/10 지급 | P7: =L7-K7 -> 100000
A8: 26.03.30~04.05 | B8: 삼구 | C8: 소노벨 | D8: 룸메이드 | F8: 김보미 | I8: 하나 | J8: 23391065673307 | K8: 437500 | L8: 517500 | O8: 4/10 지급 | P8: =L8-K8 -> 80000
A9: 26.03.30~04.05 | B9: 삼구 | C9: 소노벨 | D9: 룸메이드 | F9: 조미나 | I9: 하나 | J9: 29991054312107 | K9: 427700 | L9: 527700 | O9: 4/10 지급 | P9: =L9-K9 -> 100000
A10: 26.03.30~04.05 | B10: 삼구 | C10: 소노벨 | D10: 룸메이드 | F10: 빔 | I10: 하나 | J10: 23391063977607 | K10: 424900 | L10: 524900 | O10: 4/10 지급 | P10: =L10-K10 -> 100000
A11: 26.03.30~04.05 | B11: 삼구 | C11: 소노벨 | D11: 룸메이드 | F11: 지혜 | I11: 하나 | J11: 23391049813107 | K11: 217000 | L11: 267000 | O11: 4/10 지급 | P11: =L11-K11 -> 50000
A12: 26.03.30~04.05 | B12: 삼구 | C12: 소노벨 | D12: 룸메이드 | F12: 미소 | I12: 농협 | J12: 3561594870383 | K12: 105000 | L12: 130000 | O12: 4/10 지급 | P12: =L12-K12 -> 25000
A13: 26.03.30~04.05 | B13: 삼구 | C13: 소노벨 | D13: 룸메이드 | F13: 수지라 | I13: 농협 | J13: 3561626523273 | K13: 210000 | L13: 260000 | O13: 4/10 지급 | P13: =L13-K13 -> 50000
A14: 26.03.30~04.05 | B14: 삼구 | C14: 소노벨 | D14: 룸메이드 | F14: 짠티마 | I14: 하나 | J14: 68091053420107 | K14: 210000 | L14: 260000 | O14: 4/10 지급 | P14: =L14-K14 -> 50000
A15: 26.03.30~04.05 | B15: 삼구 | C15: 소노벨 | D15: 룸메이드 | F15: 사라 | I15: 하나 | J15: 57191056846807 | K15: 536900 | L15: 636900 | O15: 4/10 지급 | P15: =L15-K15 -> 100000
A16: 26.03.30~04.05 | B16: 삼구 | C16: 소노벨 | D16: 룸메이드 | F16: 백 | I16: 하나 | J16: 39891066942107 | K16: 525000 | L16: 625000 | O16: 4/10 지급 | P16: =L16-K16 -> 100000
... A55: 26.04.06~04.12 | B55: 삼구 | C55: 소노벨 | D55: 룸메이드 | F55: 린 | I55: 하나 | J55: 35491018079107 | K55: 550000 | L55: 550000 | O55: 4/17 지급 | P55: =L55-K55 -> 0
A56: 26.04.06~04.12 | B56: 삼구 | C56: 소노벨 | D56: 룸메이드 | F56: 준호 | I56: 하나 | J56: 23391065673307 | K56: 604850 | L56: 753500 | M56: 28650 | N56: 3월 가스비 | O56: 4/17 지급 | P56: =L56-K56 -> 148650
A57: 26.04.06~04.12 | B57: 삼구 | C57: 소노벨 | D57: 룸메이드 | F57: 김보미 | I57: 하나 | J57: 23391065673307 | K57: 604850 | L57: 753500 | M57: 28650 | N57: 3월 가스비 | O57: 4/17 지급 | P57: =L57-K57 -> 148650
A58: 26.04.06~04.12 | B58: 삼구 | C58: 소노벨 | D58: 룸메이드 | F58: 조미나 | I58: 하나 | J58: 29991054312107 | K58: 318500 | L58: 393500 | O58: 4/17 지급 | P58: =L58-K58 -> 75000
A59: 26.04.06~04.12 | B59: 삼구 | C59: 소노벨 | D59: 룸메이드 | F59: 빔 | I59: 하나 | J59: 23391063977607 | K59: 315000 | L59: 390000 | O59: 4/17 지급 | P59: =L59-K59 -> 75000
A60: 26.04.06~04.12 | B60: 삼구 | C60: 소노벨 | D60: 룸메이드 | F60: 수지라 | I60: 농협 | J60: 3561626523273 | K60: 317100 | L60: 392100 | O60: 4/17 지급 | P60: =L60-K60 -> 75000
A61: 26.04.06~04.12 | B61: 삼구 | C61: 소노벨 | D61: 룸메이드 | F61: 짠티마 | I61: 하나 | J61: 68091053420107 | K61: 210000 | L61: 260000 | O61: 4/17 지급 | P61: =L61-K61 -> 50000
A62: 26.04.06~04.12 | B62: 삼구 | C62: 소노벨 | D62: 룸메이드 | F62: 사라 | I62: 하나 | J62: 57191056846807 | K62: 676420 | L62: 877100 | M62: 60680 | N62: 3월 가스비 | O62: 4/17 지급 | P62: =L62-K62 -> 200680
A63: 26.04.06~04.12 | B63: 삼구 | C63: 소노벨 | D63: 룸메이드 | F63: 백 | I63: 하나 | J63: 39891066942107 | K63: 642260 | L63: 875000 | M63: 92740 | N63: 3월 가스비 | O63: 4/17 지급 | P63: =L63-K63 -> 232740
A64: 26.04.06~04.12 | B64: 삼구 | C64: 소노벨 | D64: 룸메이드 | F64: 나비 | I64: 하나 | J64: 39891066942107 | K64: 642260 | L64: 875000 | M64: 92740 | N64: 3월 가스비 | O64: 4/17 지급 | P64: =L64-K64 -> 232740
A65: 26.04.06~04.12 | B65: 삼구 | C65: 소노벨 | D65: 룸메이드 | F65: 엘레나 | I65: 농협 | J65: 3560935626623 | K65: 420000 | L65: 520000 | O65: 4/17 지급 | P65: =L65-K65 -> 100000
A66: 26.04.06~04.12 | B66: 삼구 | C66: 소노벨 | D66: 룸메이드 | F66: 김하늘 | I66: 기업 | J66: 36110662801011 | K66: 527100 | L66: 652100 | O66: 4/17 지급 | P66: =L66-K66 -> 125000
A67: 26.04.06~04.12 | B67: 삼구 | C67: 소노벨 | D67: 룸메이드 | F67: 김수진 | I67: 농협 | J67: 3512536253663 | K67: 536900 | L67: 661900 | O67: 4/17 지급 | P67: =L67-K67 -> 125000
A68: 26.04.06~04.12 | B68: 삼구 | C68: 소노벨 | D68: 룸메이드 | F68: 김안나 | I68: 우리 | J68: 1002863255436 | K68: 541100 | L68: 666100 | O68: 4/17 지급 | P68: =L68-K68 -> 125000
A69: 26.04.06~04.12 | B69: 삼구 | C69: 소노벨 | D69: 룸메이드 | F69: 투 | I69: 국민 | J69: 48460104164408 | K69: 105000 | L69: 125000 | O69: 4/17 지급 | P69: =L69-K69 -> 20000
A70: 26.04.06~04.12 | B70: 삼구 | C70: 소노벨 | D70: 룸메이드 | F70: 로안 | I70: 국민 | J70: 48460104164862 | K70: 105000 | L70: 125000 | O70: 4/17 지급 | P70: =L70-K70 -> 20000
A71: 26.04.06~04.12 | B71: 삼구 | C71: 소노벨 | D71: 룸메이드 | F71: 황 | I71: 하나 | J71: 63591097804107 | K71: 107100 | L71: 127100 | O71: 4/17 지급 | P71: =L71-K71 -> 20000
A72: 26.04.06~04.12 | B72: 삼구 | C72: 소노벨 | D72: 룸메이드 | F72: 가은 | I72: 하나 | J72: 23391067991707 | K72: 548100 | L72: 648100 | O72: 4/17 지급 | P72: =L72-K72 -> 100000
A73: 26.04.06~04.12 | B73: 삼구 | C73: 소노벨 | D73: 룸메이드 | F73: 남(신) | I73: 전북 | J73: 9105205337638 | K73: 208500 | L73: 228500 | O73: 4/17 지급 | P73: =L73-K73 -> 20000
A74: 26.04.06~04.12 | B74: 삼구 | C74: 소노벨 | D74: 룸메이드 | F74: 푸(신) | I74: 전북 | J74: 9105205209318 | K74: 208500 | L74: 228500 | O74: 4/17 지급 | P74: =L74-K74 -> 20000
A75: 26.04.06~04.12 | B75: 삼구 | C75: 소노벨 | D75: 룸메이드 | F75: 북(신) | I75: 하나 | J75: 23391053112107 | K75: 105000 | L75: 125000 | O75: 4/17 지급 | P75: =L75-K75 -> 20000
A76: 26.04.06~04.12 | B76: 삼구 | C76: 소노벨 | D76: 룸메이드 | F76: 라징(신) | I76: 하나 | J76: 23391053112107 | K76: 105000 | L76: 125000 | O76: 4/17 지급 | P76: =L76-K76 -> 20000
... A86: 26.04.06~04.12 | B86: 삼구 | C86: 소노벨 | D86: 룸메이드 | F86: 아야 | I86: 전북 | J86: 9100050571420 | K86: 212100 | L86: 252100 | O86: 4/17 지급 | P86: =L86-K86 -> 40000
A87: 26.04.06~04.12 | B87: 삼구 | C87: 소노벨 | D87: 룸메이드 | F87: 아나르 | I87: 토스 | J87: 100178321014 | K87: 361810 | L87: 501400 | M87: 59590 | N87: 3월 가스비 (20만원 본사부담) | O87: 4/17 지급 | P87: =L87-K87 -> 139590
A88: 26.04.06~04.12 | B88: 삼구 | C88: 소노벨 | D88: 룸메이드 | F88: 소담 | I88: 제주 | J88: 50902008559049 | K88: 630000 | L88: 750000 | O88: 4/17 지급 | P88: =L88-K88 -> 120000
A89: 26.04.06~04.12 | B89: 삼구 | C89: 소노벨 | D89: 룸메이드 | F89: 아리오나 | I89: 우리 | J89: 1002044889759 | K89: 105000 | L89: 130000 | O89: 4/17 지급 | P89: =L89-K89 -> 25000
A90: 26.04.06~04.12 | B90: 삼구 | C90: 소노벨 | D90: 룸메이드 | F90: 바야르마 | I90: 기업 | J90: 40107855201013 | K90: 637000 | L90: 757000 | O90: 4/17 지급 | P90: =L90-K90 -> 120000
A91: 26.04.06~04.12 | B91: 삼구 | C91: 소노벨 | D91: 룸메이드 | F91: 마를마 | I91: 제주 | J91: 50902008580346 | K91: 210000 | L91: 250000 | O91: 4/17 지급 | P91: =L91-K91 -> 40000
A92: 26.04.06~04.12 | B92: 삼구 | C92: 소노벨 | D92: 룸메이드 | F92: 채영 | I92: 토스 | J92: 100067984361 | K92: 279040 | L92: 382000 | M92: 42960 | N92: 3월 가스비 (20만원 본사부담) | O92: 4/17 지급 | P92: =L92-K92 -> 102960
A93: 26.04.06~04.12 | B93: 삼구 | C93: 소노벨 | D93: 룸메이드 | F93: 히시게 | I93: 전북 | J93: 9500021266780 | K93: 210000 | L93: 250000 | O93: 4/17 지급 | P93: =L93-K93 -> 40000
A94: 26.04.06~04.12 | B94: 삼구 | C94: 소노벨 | D94: 룸메이드 | F94: 사노카 | I94: 하나 | J94: 23391064161907 | K94: 210000 | L94: 250000 | O94: 4/17 지급 | P94: =L94-K94 -> 40000
A95: 26.04.06~04.12 | B95: 삼구 | C95: 소노벨 | D95: 룸메이드 | F95: 어유카 | I95: 토스 | J95: 100079961208 | K95: 420000 | L95: 483000 | O95: 4/17 지급 | P95: =L95-K95 -> 63000
A96: 26.04.06~04.12 | B96: 삼구 | C96: 소노벨 | D96: 룸메이드 | F96: 아난드 | I96: 토스 | J96: 100234627084 | K96: 105000 | L96: 125000 | O96: 4/17 지급 | P96: =L96-K96 -> 20000
A97: 26.04.06~04.12 | B97: 삼구 | C97: 소노벨 | D97: 룸메이드 | F97: 찬드만 | I97: 전북 | J97: 9201032272886 | K97: 315000 | L97: 364000 | O97: 4/17 지급 | P97: =L97-K97 -> 49000
A98: 26.04.06~04.12 | B98: 삼구 | C98: 소노벨 | D98: 룸메이드 | F98: 유나(신) | I98: 전북 | J98: 9100051571612 | K98: 210000 | L98: 230000 | O98: 4/17 지급 | P98: =L98-K98 -> 20000
A99: 26.04.06~04.12 | B99: 삼구 | C99: 소노벨 | D99: 룸메이드 | F99: 오치랄(신) | I99: 하나 | J99: 62191103417807 | K99: 105000 | L99: 111000 | O99: 4/17 지급 | P99: =L99-K99 -> 6000
A100: 26.04.06~04.12 | B100: 삼구 | C100: 소노벨 | D100: 룸메이드 | F100: 아리(하나) | I100: 전북 | J100: 9100058005944 | K100: 579000 | L100: 639000 | O100: 4/17 지급 | P100: =L100-K100 -> 60000
A101: 26.04.06~04.12 | B101: 삼구 | C101: 소노벨 | D101: 펜츄리 | F101: 서커 | I101: 하나 | J101: 19891033805907 | K101: 667470 | L101: 795000 | M101: 27530 | N101: 3월 가스비 | O101: 4/17 지급 | P101: =L101-K101 -> 127530
A102: 26.04.06~04.12 | B102: 삼구 | C102: 소노벨 | D102: 펜츄리 | F102: 무기 | I102: 하나 | J102: 19891033805907 | K102: 667470 | L102: 795000 | M102: 27530 | N102: 3월 가스비 | O102: 4/17 지급 | P102: =L102-K102 -> 127530
A103: 26.04.06~04.12 | B103: 삼구 | C103: 소노벨 | D103: 펜츄리 | F103: 더기 | I103: 전북 | J103: 9500020135065 | K103: 695000 | L103: 795000 | O103: 4/17 지급 | P103: =L103-K103 -> 100000
A104: 26.04.06~04.12 | B104: 삼구 | C104: 소노벨 | D104: 펜츄리 | F104: 체기 | I104: 하나 | J104: 23391067820107 | K104: 695000 | L104: 795000 | O104: 4/17 지급 | P104: =L104-K104 -> 100000
A105: 26.04.06~04.12 | B105: 삼구 | C105: 소노벨 | D105: 펜츄리 | F105: 흐진 | I105: 제주 | J105: 50902008559025 | K105: 584590 | L105: 795000 | M105: 110410 | N105: 3월 가스비 (40만원 본사부담) | O105: 4/17 지급 | P105: =L105-K105 -> 210410
A106: 26.04.06~04.12 | B106: 삼구 | C106: 소노벨 | D106: 펜츄리 | F106: 지수(홀랑) | I106: 전북 | J106: 9100052197783 | K106: 649730 | L106: 880000 | M106: 130270 | N106: 3월 가스비 (20만원 본사부담) | O106: 4/17 지급 | P106: =L106-K106 -> 230270
A107: 26.04.06~04.12 | B107: 삼구 | C107: 소노벨 | D107: 펜츄리 | F107: 미리나 | I107: 하나 | J107: 14491076606707 | K107: 315000 | L107: 375000 | O107: 4/17 지급 | P107: =L107-K107 -> 60000
A108: 26.04.06~04.12 | B108: 삼구 | C108: 소노벨 | D108: 펜츄리 | F108: 책미드 | I108: 농협 | J108: 3020379742871 | K108: 105000 | L108: 125000 | O108: 4/17 지급 | P108: =L108-K108 -> 20000
A109: 26.04.13~04.19 | B109: 삼구 | C109: 소노벨 | D109: 룸메이드 | F109: 할룽 | I109: 국민 | J109: 47940104348839 | K109: 440000 | L109: 520000 | O109: 4/24 지급 | P109: =L109-K109 -> 80000
A110: 26.04.13~04.19 | B110: 삼구 | C110: 소노벨 | D110: 룸메이드 | F110: 린 | I110: 하나 | J110: 35491018079107 | K110: 440000 | L110: 440000 | O110: 4/24 지급 | P110: =L110-K110 -> 0
A111: 26.04.13~04.19 | B111: 삼구 | C111: 소노벨 | D111: 룸메이드 | F111: 준호 | I111: 하나 | J111: 23391065673307 | K111: 525000 | L111: 625000 | O111: 4/24 지급 | P111: =L111-K111 -> 100000
A112: 26.04.13~04.19 | B112: 삼구 | C112: 소노벨 | D112: 룸메이드 | F112: 김보미 | I112: 하나 | J112: 23391065673307 | K112: 630000 | L112: 750000 | O112: 4/24 지급 | P112: =L112-K112 -> 120000
A113: 26.04.13~04.19 | B113: 삼구 | C113: 소노벨 | D113: 룸메이드 | F113: 조미나 | I113: 하나 | J113: 29991054312107 | K113: 427700 | L113: 527700 | O113: 4/24 지급 | P113: =L113-K113 -> 100000
A114: 26.04.13~04.19 | B114: 삼구 | C114: 소노벨 | D114: 룸메이드 | F114: 빔 | I114: 하나 | J114: 23391063977607 | K114: 434700 | L114: 534700 | O114: 4/24 지급 | P114: =L114-K114 -> 100000
A115: 26.04.13~04.19 | B115: 삼구 | C115: 소노벨 | D115: 룸메이드 | F115: 지혜 | I115: 하나 | J115: 23391049813107 | K115: 210000 | L115: 260000 | O115: 4/24 지급 | P115: =L115-K115 -> 50000
A116: 26.04.13~04.19 | B116: 삼구 | C116: 소노벨 | D116: 룸메이드 | F116: 미소 | I116: 농협 | J116: 3561594870383 | K116: 105000 | L116: 130000 | O116: 4/24 지급 | P116: =L116-K116 -> 25000
A117: 26.04.13~04.19 | B117: 삼구 | C117: 소노벨 | D117: 룸메이드 | F117: 수지라 | I117: 농협 | J117: 3561626523273 | K117: 105000 | L117: 130000 | O117: 4/24 지급 | P117: =L117-K117 -> 25000
A118: 26.04.13~04.19 | B118: 삼구 | C118: 소노벨 | D118: 룸메이드 | F118: 짠티마 | I118: 하나 | J118: 68091053420107 | K118: 107100 | L118: 132100 | O118: 4/24 지급 | P118: =L118-K118 -> 25000
A119: 26.04.13~04.19 | B119: 삼구 | C119: 소노벨 | D119: 룸메이드 | F119: 사라 | I119: 하나 | J119: 57191056846807 | K119: 378840 | L119: 597400 | M119: 138560 | N119: 3월 관리비 | O119: 4/24 지급 | P119: =L119-K119 -> 218560
A120: 26.04.13~04.19 | B120: 삼구 | C120: 소노벨 | D120: 룸메이드 | F120: 백 | I120: 하나 | J120: 39891066942107 | K120: 558390 | L120: 751400 | M120: 73010 | N120: 3월 관리비 | O120: 4/24 지급 | P120: =L120-K120 -> 193010
A121: 26.04.13~04.19 | B121: 삼구 | C121: 소노벨 | D121: 룸메이드 | F121: 나비 | I121: 하나 | J121: 39891066942107 | K121: 558390 | L121: 751400 | M121: 73010 | N121: 3월 관리비 | O121: 4/24 지급 | P121: =L121-K121 -> 193010
A122: 26.04.13~04.19 | B122: 삼구 | C122: 소노벨 | D122: 룸메이드 | F122: 엘레나 | I122: 농협 | J122: 3560935626623 | K122: 525000 | L122: 627000 | O122: 4/24 지급 | P122: =L122-K122 -> 102000
A123: 26.04.13~04.19 | B123: 삼구 | C123: 소노벨 | D123: 룸메이드 | F123: 김하늘 | I123: 기업 | J123: 36110662801011 | K123: 641900 | L123: 791900 | O123: 4/24 지급 | P123: =L123-K123 -> 150000
A124: 26.04.13~04.19 | B124: 삼구 | C124: 소노벨 | D124: 룸메이드 | F124: 김수진 | I124: 농협 | J124: 3512536253663 | K124: 529200 | L124: 654200 | O124: 4/24 지급 | P124: =L124-K124 -> 125000
A125: 26.04.13~04.19 | B125: 삼구 | C125: 소노벨 | D125: 룸메이드 | F125: 김안나 | I125: 우리 | J125: 1002863255436 | K125: 443800 | L125: 543800 | O125: 4/24 지급 | P125: =L125-K125 -> 100000
A126: 26.04.13~04.19 | B126: 삼구 | C126: 소노벨 | D126: 룸메이드 | F126: 가은 | I126: 하나 | J126: 23391067991707 | K126: 550900 | L126: 650900 | O126: 4/24 지급 | P126: =L126-K126 -> 100000
A127: 26.04.13~04.19 | B127: 삼구 | C127: 소노벨 | D127: 룸메이드 | F127: 뚜(신) | I127: 전북 | J127: 9105205290345 | K127: 49000 | L127: 49000 | O127: 4/24 지급 | P127: =L127-K127 -> 0
A128: 26.04.13~04.19 | B128: 삼구 | C128: 소노벨 | D128: 룸메이드 | F128: 어유나 | I128: 하나 | J128: 11692214377437 | K128: 536900 | L128: 636900 | O128: 4/24 지급 | P128: =L128-K128 -> 100000
A129: 26.04.13~04.19 | B129: 삼구 | C129: 소노벨 | D129: 룸메이드 | F129: 짐게 | I129: 하나 | J129: 23391064161907 | K129: 420000 | L129: 500000 | O129: 4/24 지급 | P129: =L129-K129 -> 80000
A130: 26.04.13~04.19 | B130: 삼구 | C130: 소노벨 | D130: 룸메이드 | F130: 에르덴 | I130: 국민 | J130: 29250201308193 | K130: 641900 | L130: 761900 | O130: 4/24 지급 | P130: =L130-K130 -> 120000
A131: 26.04.13~04.19 | B131: 삼구 | C131: 소노벨 | D131: 룸메이드 | F131: 세아(사이항) | I131: 토스 | J131: 100089184707 | K131: 105000 | L131: 125000 | O131: 4/24 지급 | P131: =L131-K131 -> 20000
A132: 26.04.13~04.19 | B132: 삼구 | C132: 소노벨 | D132: 룸메이드 | F132: 가랍 | I132: 토스 | J132: 100248207200 | K132: 210000 | L132: 250000 | O132: 4/24 지급 | P132: =L132-K132 -> 40000
A133: 26.04.13~04.19 | B133: 삼구 | C133: 소노벨 | D133: 룸메이드 | F133: 문성주 | I133: 우리 | J133: 1002761382905 | K133: 317100 | L133: 392100 | O133: 4/24 지급 | P133: =L133-K133 -> 75000
A134: 26.04.13~04.19 | B134: 삼구 | C134: 소노벨 | D134: 룸메이드 | F134: 헝거르졸 | I134: 하나 | J134: 60491096318007 | K134: 210000 | L134: 250000 | O134: 4/24 지급 | P134: =L134-K134 -> 40000
A135: 26.04.13~04.19 | B135: 삼구 | C135: 소노벨 | D135: 룸메이드 | F135: 아나르 | I135: 토스 | J135: 100178321014 | K135: 384540 | L135: 500000 | M135: 35460 | N135: 3월 관리비 | O135: 4/24 지급 | P135: =L135-K135 -> 115460
A136: 26.04.13~04.19 | B136: 삼구 | C136: 소노벨 | D136: 룸메이드 | F136: 소담 | I136: 제주 | J136: 50902008559049 | K136: 525000 | L136: 625000 | O136: 4/24 지급 | P136: =L136-K136 -> 100000
A137: 26.04.13~04.19 | B137: 삼구 | C137: 소노벨 | D137: 룸메이드 | F137: 흐진 | I137: 제주 | J137: 50902008559025 | K137: 105000 | L137: 125000 | O137: 4/24 지급 | P137: =L137-K137 -> 20000
A138: 26.04.13~04.19 | B138: 삼구 | C138: 소노벨 | D138: 룸메이드 | F138: 바야르마 | I138: 기업 | J138: 40107855201013 | K138: 630000 | L138: 750000 | O138: 4/24 지급 | P138: =L138-K138 -> 120000
A139: 26.04.13~04.19 | B139: 삼구 | C139: 소노벨 | D139: 룸메이드 | F139: 채영 | I139: 토스 | J139: 100067984361 | K139: 506670 | L139: 639000 | M139: 32330 | N139: 3월 관리비 | O139: 4/24 지급 | P139: =L139-K139 -> 132330
A140: 26.04.13~04.19 | B140: 삼구 | C140: 소노벨 | D140: 룸메이드 | F140: 히시게 | I140: 전북 | J140: 9500021266780 | K140: 315000 | L140: 375000 | O140: 4/24 지급 | P140: =L140-K140 -> 60000
A141: 26.04.13~04.19 | B141: 삼구 | C141: 소노벨 | D141: 룸메이드 | F141: 사노카 | I141: 하나 | J141: 23391064161907 | K141: 105000 | L141: 125000 | O141: 4/24 지급 | P141: =L141-K141 -> 20000
A142: 26.04.13~04.19 | B142: 삼구 | C142: 소노벨 | D142: 룸메이드 | F142: 어유카 | I142: 토스 | J142: 100079961208 | K142: 360000 | L142: 420000 | O142: 4/24 지급 | P142: =L142-K142 -> 60000
A143: 26.04.13~04.19 | B143: 삼구 | C143: 소노벨 | D143: 룸메이드 | F143: 아난드 | I143: 토스 | J143: 100234627084 | K143: 210000 | L143: 250000 | O143: 4/24 지급 | P143: =L143-K143 -> 40000
A144: 26.04.13~04.19 | B144: 삼구 | C144: 소노벨 | D144: 룸메이드 | F144: 지수(홀랑) | I144: 전북 | J144: 9100052197783 | K144: 105000 | L144: 125000 | O144: 4/24 지급 | P144: =L144-K144 -> 20000
A145: 26.04.13~04.19 | B145: 삼구 | C145: 소노벨 | D145: 룸메이드 | F145: 이현주 | I145: 하나 | J145: 11692175176737 | K145: 315000 | L145: 375000 | O145: 4/24 지급 | P145: =L145-K145 -> 60000
A146: 26.04.13~04.19 | B146: 삼구 | C146: 소노벨 | D146: 룸메이드 | F146: 찬드만 | I146: 전북 | J146: 9201032272886 | K146: 210000 | L146: 250000 | O146: 4/24 지급 | P146: =L146-K146 -> 40000
A147: 26.04.13~04.19 | B147: 삼구 | C147: 소노벨 | D147: 룸메이드 | F147: 유나 | I147: 전북 | J147: 9100051571612 | K147: 210000 | L147: 250000 | O147: 4/24 지급 | P147: =L147-K147 -> 40000
A148: 26.04.13~04.19 | B148: 삼구 | C148: 소노벨 | D148: 룸메이드 | F148: 아리 | I148: 전북 | J148: 9100058005944 | K148: 421400 | L148: 501400 | O148: 4/24 지급 | P148: =L148-K148 -> 80000
A149: 26.04.13~04.19 | B149: 삼구 | C149: 소노벨 | D149: 룸메이드 | F149: 사와나(신입) | I149: 전북 | J149: 9105205267039 | K149: 482500 | L149: 497500 | O149: 4/24 지급 | P149: =L149-K149 -> 15000
...

Sheet 소노캄_기물
A1: 삼구-소노캄_기물 | N1: 지급액 | O1: =SUM(K3:K9967) -> 12455000 | P1: 청구액 | Q1: =SUM(L3:L9967) -> 14915000 | R1: 차익금 | S1: =SUM(P5:P298) -> 2460000
A4: 날짜 | B4: 업체 | C4: 현장 | D4: 업무 | E4: 근무시간 | F4: 이름 | G4: 전화번호 | H4: 주민등록번호 | I4: 은행 | J4: 계좌번호 | K4: 지급액 | L4: 청구액 | M4: 차감 | N4: 비고 | O4: 지급일 | P4: 차액
A5: 46113 | B5: 삼구 | C5: 소노캄 고양(외국인) | D5: 기물 | F5: 김수빈 | G5: 010-9965-7441 | I5: 농협 | J5: 3522014792023 | K5: 100000 | L5: 120000 | O5: 4/10 지급 | P5: =L5-K5 -> 20000
A6: 46114 | B6: 삼구 | C6: 소노캄 고양(외국인) | D6: 기물 | F6: 김수빈 | G6: 010-9965-7441 | I6: 농협 | J6: 3522014792023 | K6: 100000 | L6: 120000 | O6: 4/10 지급 | P6: =L6-K6 -> 20000
A7: 46115 | B7: 삼구 | C7: 소노캄 고양(외국인) | D7: 기물 | F7: 김수빈 | G7: 010-9965-7441 | I7: 농협 | J7: 3522014792023 | K7: 100000 | L7: 120000 | O7: 4/10 지급 | P7: =L7-K7 -> 20000
A8: 46113 | B8: 삼구 | C8: 소노캄 고양(외국인) | D8: 기물 | F8: 김윤서 | G8: 010-8733-1338 | I8: 우리 | J8: 1002760342291 | K8: 100000 | L8: 120000 | O8: 4/10 지급 | P8: =L8-K8 -> 20000
A9: 46114 | B9: 삼구 | C9: 소노캄 고양(외국인) | D9: 기물 | F9: 김윤서 | G9: 010-8733-1338 | I9: 우리 | J9: 1002760342291 | K9: 100000 | L9: 120000 | O9: 4/10 지급 | P9: =L9-K9 -> 20000
A10: 46116 | B10: 삼구 | C10: 소노캄 고양(외국인) | D10: 기물 | F10: 김윤서 | G10: 010-8733-1338 | I10: 우리 | J10: 1002760342291 | K10: 100000 | L10: 120000 | O10: 4/10 지급 | P10: =L10-K10 -> 20000
A11: 46117 | B11: 삼구 | C11: 소노캄 고양(외국인) | D11: 기물 | F11: 김윤서 | G11: 010-8733-1338 | I11: 우리 | J11: 1002760342291 | K11: 100000 | L11: 120000 | O11: 4/10 지급 | P11: =L11-K11 -> 20000
A12: 46113 | B12: 삼구 | C12: 소노캄 고양(외국인) | D12: 기물 | F12: 아르오나(김아리) | G12: 010-9855-2211 | I12: 국민 | J12: 29250101395976 | K12: 100000 | L12: 120000 | O12: 4/10 지급 | P12: =L12-K12 -> 20000
A13: 46114 | B13: 삼구 | C13: 소노캄 고양(외국인) | D13: 기물 | F13: 아르오나(김아리) | G13: 010-9855-2211 | I13: 국민 | J13: 29250101395976 | K13: 100000 | L13: 120000 | O13: 4/10 지급 | P13: =L13-K13 -> 20000
A14: 46115 | B14: 삼구 | C14: 소노캄 고양(외국인) | D14: 기물 | F14: 아르오나(김아리) | G14: 010-9855-2211 | I14: 국민 | J14: 29250101395976 | K14: 100000 | L14: 120000 | O14: 4/10 지급 | P14: =L14-K14 -> 20000
A15: 46116 | B15: 삼구 | C15: 소노캄 고양(외국인) | D15: 기물 | F15: 아르오나(김아리) | G15: 010-9855-2211 | I15: 국민 | J15: 29250101395976 | K15: 100000 | L15: 120000 | O15: 4/10 지급 | P15: =L15-K15 -> 20000
A16: 46117 | B16: 삼구 | C16: 소노캄 고양(외국인) | D16: 기물 | F16: 아르오나(김아리) | G16: 010-9855-2211 | I16: 국민 | J16: 29250101395976 | K16: 100000 | L16: 120000 | O16: 4/10 지급 | P16: =L16-K16 -> 20000
A17: 46113 | B17: 삼구 | C17: 소노캄 고양(외국인) | D17: 기물 | F17: 더기(최다빈) | G17: 010-3254-5512 | I17: 전북 | J17: 9500020568373 | K17: 100000 | L17: 120000 | O17: 4/10 지급 | P17: =L17-K17 -> 20000
A18: 46116 | B18: 삼구 | C18: 소노캄 고양(외국인) | D18: 기물 | F18: 더기(최다빈) | G18: 010-3254-5512 | I18: 전북 | J18: 9500020568373 | K18: 100000 | L18: 120000 | O18: 4/10 지급 | P18: =L18-K18 -> 20000
A19: 46117 | B19: 삼구 | C19: 소노캄 고양(외국인) | D19: 기물 | F19: 더기(최다빈) | G19: 010-3254-5512 | I19: 전북 | J19: 9500020568373 | K19: 100000 | L19: 120000 | O19: 4/10 지급 | P19: =L19-K19 -> 20000
A20: 46114 | B20: 삼구 | C20: 소노캄 고양(외국인) | D20: 기물 | F20: 샤탈(김수연) | G20: 010-3665-4100 | I20: 국민 | J20: 29250101236893 | K20: 100000 | L20: 120000 | O20: 4/10 지급 | P20: =L20-K20 -> 20000
A21: 46116 | B21: 삼구 | C21: 소노캄 고양(외국인) | D21: 기물 | F21: 샤탈(김수연) | G21: 010-3665-4100 | I21: 국민 | J21: 29250101236893 | K21: 100000 | L21: 120000 | O21: 4/10 지급 | P21: =L21-K21 -> 20000
A22: 46117 | B22: 삼구 | C22: 소노캄 고양(외국인) | D22: 기물 | F22: 샤탈(김수연) | G22: 010-3665-4100 | I22: 국민 | J22: 29250101236893 | K22: 100000 | L22: 120000 | O22: 4/10 지급 | P22: =L22-K22 -> 20000
A23: 46116 | B23: 삼구 | C23: 소노캄 고양(외국인) | D23: 기물 | F23: 소시주(김연우) | G23: 010-4111-2357 | I23: 전북 | J23: 9100054122011 | K23: 100000 | L23: 120000 | O23: 4/10 지급 | P23: =L23-K23 -> 20000
... A28: 46117 | B28: 삼구 | C28: 소노캄 고양(외국인) | D28: 기물 | F28: 졸라(이다인) | G28: 010-8094-1903 | I28: 하나 | J28: 19891034404307 | K28: 100000 | L28: 120000 | O28: 4/10 지급 | P28: =L28-K28 -> 20000
A29: 46113 | B29: 삼구 | C29: 소노캄 고양(외국인) | D29: 기물 | F29: 투야 | I29: 하나 | J29: 19891034404307 | K29: 100000 | L29: 120000 | O29: 4/10 지급 | P29: =L29-K29 -> 20000
A30: 46114 | B30: 삼구 | C30: 소노캄 고양(외국인) | D30: 기물 | F30: 투야 | I30: 하나 | J30: 19891034404307 | K30: 100000 | L30: 120000 | O30: 4/10 지급 | P30: =L30-K30 -> 20000
A31: 46115 | B31: 삼구 | C31: 소노캄 고양(외국인) | D31: 기물 | F31: 투야 | I31: 하나 | J31: 19891034404307 | K31: 100000 | L31: 120000 | O31: 4/10 지급 | P31: =L31-K31 -> 20000
A32: 46116 | B32: 삼구 | C32: 소노캄 고양(외국인) | D32: 기물 | F32: 투야 | I32: 하나 | J32: 19891034404307 | K32: 100000 | L32: 120000 | O32: 4/10 지급 | P32: =L32-K32 -> 20000
A33: 46117 | B33: 삼구 | C33: 소노캄 고양(외국인) | D33: 기물 | F33: 투야 | I33: 하나 | J33: 19891034404307 | K33: 100000 | L33: 120000 | O33: 4/10 지급 | P33: =L33-K33 -> 20000
A34: 46116 | B34: 삼구 | C34: 소노캄 고양(외국인) | D34: 기물 | F34: 너모카 | I34: 토스 | J34: 100208736982 | K34: 100000 | L34: 120000 | O34: 4/10 지급 | P34: =L34-K34 -> 20000
A35: 46117 | B35: 삼구 | C35: 소노캄 고양(외국인) | D35: 기물 | F35: 너모카 | I35: 토스 | J35: 100208736982 | K35: 100000 | L35: 120000 | O35: 4/10 지급 | P35: =L35-K35 -> 20000
A36: 46113 | B36: 삼구 | C36: 소노캄 고양(외국인) | D36: 기물 | F36: 차키 | I36: 우리 | J36: 1002944606021 | K36: 100000 | L36: 120000 | O36: 4/10 지급 | P36: =L36-K36 -> 20000
A37: 46116 | B37: 삼구 | C37: 소노캄 고양(외국인) | D37: 기물 | F37: 차키 | I37: 우리 | J37: 1002944606021 | K37: 100000 | L37: 120000 | O37: 4/10 지급 | P37: =L37-K37 -> 20000
A38: 46117 | B38: 삼구 | C38: 소노캄 고양(외국인) | D38: 기물 | F38: 차키 | I38: 우리 | J38: 1002944606021 | K38: 100000 | L38: 120000 | O38: 4/10 지급 | P38: =L38-K38 -> 20000
A39: 46117 | B39: 삼구 | C39: 소노캄 고양(외국인) | D39: 기물 | F39: 김태리 | G39: 010-7788-1363 | I39: 전북 | J39: 9500021279810 | K39: 100000 | L39: 120000 | O39: 4/10 지급 | P39: =L39-K39 -> 20000
A40: 46118 | B40: 삼구 | C40: 소노캄 고양(외국인) | D40: 기물 | F40: 김수빈 | G40: 010-9965-7441 | I40: 농협 | J40: 3522014792023 | K40: 100000 | L40: 120000 | O40: 4/20 지급 | P40: =L40-K40 -> 20000
A41: 46119 | B41: 삼구 | C41: 소노캄 고양(외국인) | D41: 기물 | F41: 김수빈 | G41: 010-9965-7441 | I41: 농협 | J41: 3522014792023 | K41: 100000 | L41: 120000 | O41: 4/20 지급 | P41: =L41-K41 -> 20000
A42: 46120 | B42: 삼구 | C42: 소노캄 고양(외국인) | D42: 기물 | F42: 김수빈 | G42: 010-9965-7441 | I42: 농협 | J42: 3522014792023 | K42: 100000 | L42: 120000 | O42: 4/20 지급 | P42: =L42-K42 -> 20000
A43: 46121 | B43: 삼구 | C43: 소노캄 고양(외국인) | D43: 기물 | F43: 김수빈 | G43: 010-9965-7441 | I43: 농협 | J43: 3522014792023 | K43: 100000 | L43: 120000 | O43: 4/20 지급 | P43: =L43-K43 -> 20000
A44: 46122 | B44: 삼구 | C44: 소노캄 고양(외국인) | D44: 기물 | F44: 김수빈 | G44: 010-9965-7441 | I44: 농협 | J44: 3522014792023 | K44: 100000 | L44: 120000 | O44: 4/20 지급 | P44: =L44-K44 -> 20000
A45: 46118 | B45: 삼구 | C45: 소노캄 고양(외국인) | D45: 기물 | F45: 김윤서 | G45: 010-8733-1338 | I45: 우리 | J45: 1002760342291 | K45: 100000 | L45: 120000 | O45: 4/20 지급 | P45: =L45-K45 -> 20000
A46: 46119 | B46: 삼구 | C46: 소노캄 고양(외국인) | D46: 기물 | F46: 김윤서 | G46: 010-8733-1338 | I46: 우리 | J46: 1002760342291 | K46: 100000 | L46: 120000 | O46: 4/20 지급 | P46: =L46-K46 -> 20000
A47: 46120 | B47: 삼구 | C47: 소노캄 고양(외국인) | D47: 기물 | F47: 김윤서 | G47: 010-8733-1338 | I47: 우리 | J47: 1002760342291 | K47: 100000 | L47: 120000 | O47: 4/20 지급 | P47: =L47-K47 -> 20000
A48: 46121 | B48: 삼구 | C48: 소노캄 고양(외국인) | D48: 기물 | F48: 김윤서 | G48: 010-8733-1338 | I48: 우리 | J48: 1002760342291 | K48: 100000 | L48: 120000 | O48: 4/20 지급 | P48: =L48-K48 -> 20000
A49: 46123 | B49: 삼구 | C49: 소노캄 고양(외국인) | D49: 기물 | F49: 김윤서 | G49: 010-8733-1338 | I49: 우리 | J49: 1002760342291 | K49: 100000 | L49: 120000 | O49: 4/20 지급 | P49: =L49-K49 -> 20000
A50: 46124 | B50: 삼구 | C50: 소노캄 고양(외국인) | D50: 기물 | F50: 김윤서 | G50: 010-8733-1338 | I50: 우리 | J50: 1002760342291 | K50: 100000 | L50: 120000 | O50: 4/20 지급 | P50: =L50-K50 -> 20000
A51: 46120 | B51: 삼구 | C51: 소노캄 고양(외국인) | D51: 기물 | F51: 아르오나(김아리) | G51: 010-9855-2211 | I51: 국민 | J51: 29250101395976 | K51: 100000 | L51: 120000 | O51: 4/20 지급 | P51: =L51-K51 -> 20000
A52: 46121 | B52: 삼구 | C52: 소노캄 고양(외국인) | D52: 기물 | F52: 아르오나(김아리) | G52: 010-9855-2211 | I52: 국민 | J52: 29250101395976 | K52: 100000 | L52: 120000 | O52: 4/20 지급 | P52: =L52-K52 -> 20000
A53: 46122 | B53: 삼구 | C53: 소노캄 고양(외국인) | D53: 기물 | F53: 아르오나(김아리) | G53: 010-9855-2211 | I53: 국민 | J53: 29250101395976 | K53: 100000 | L53: 120000 | O53: 4/20 지급 | P53: =L53-K53 -> 20000
A54: 46123 | B54: 삼구 | C54: 소노캄 고양(외국인) | D54: 기물 | F54: 아르오나(김아리) | G54: 010-9855-2211 | I54: 국민 | J54: 29250101395976 | K54: 100000 | L54: 120000 | O54: 4/20 지급 | P54: =L54-K54 -> 20000
A55: 46124 | B55: 삼구 | C55: 소노캄 고양(외국인) | D55: 기물 | F55: 아르오나(김아리) | G55: 010-9855-2211 | I55: 국민 | J55: 29250101395976 | K55: 100000 | L55: 120000 | O55: 4/20 지급 | P55: =L55-K55 -> 20000
A56: 46118 | B56: 삼구 | C56: 소노캄 고양(외국인) | D56: 기물 | F56: 더기(최다빈) | G56: 010-3254-5512 | I56: 전북 | J56: 9500020568373 | K56: 100000 | L56: 120000 | O56: 4/20 지급 | P56: =L56-K56 -> 20000
A57: 46119 | B57: 삼구 | C57: 소노캄 고양(외국인) | D57: 기물 | F57: 더기(최다빈) | G57: 010-3254-5512 | I57: 전북 | J57: 9500020568373 | K57: 100000 | L57: 120000 | O57: 4/20 지급 | P57: =L57-K57 -> 20000
A58: 46120 | B58: 삼구 | C58: 소노캄 고양(외국인) | D58: 기물 | F58: 더기(최다빈) | G58: 010-3254-5512 | I58: 전북 | J58: 9500020568373 | K58: 100000 | L58: 120000 | O58: 4/20 지급 | P58: =L58-K58 -> 20000
A59: 46124 | B59: 삼구 | C59: 소노캄 고양(외국인) | D59: 기물 | F59: 더기(최다빈) | G59: 010-3254-5512 | I59: 전북 | J59: 9500020568373 | K59: 100000 | L59: 120000 | O59: 4/20 지급 | P59: =L59-K59 -> 20000
A60: 46118 | B60: 삼구 | C60: 소노캄 고양(외국인) | D60: 기물 | F60: 샤탈(김수연) | G60: 010-3665-4100 | I60: 국민 | J60: 29250101236893 | K60: 100000 | L60: 120000 | O60: 4/20 지급 | P60: =L60-K60 -> 20000
A61: 46119 | B61: 삼구 | C61: 소노캄 고양(외국인) | D61: 기물 | F61: 샤탈(김수연) | G61: 010-3665-4100 | I61: 국민 | J61: 29250101236893 | K61: 177500 | L61: 197500 | N61: 5시간 연장근무 +77,500 | O61: 4/20 지급 | P61: =L61-K61 -> 20000
A62: 46120 | B62: 삼구 | C62: 소노캄 고양(외국인) | D62: 기물 | F62: 샤탈(김수연) | G62: 010-3665-4100 | I62: 국민 | J62: 29250101236893 | K62: 100000 | L62: 120000 | O62: 4/20 지급 | P62: =L62-K62 -> 20000
A63: 46122 | B63: 삼구 | C63: 소노캄 고양(외국인) | D63: 기물 | F63: 샤탈(김수연) | G63: 010-3665-4100 | I63: 국민 | J63: 29250101236893 | K63: 100000 | L63: 120000 | O63: 4/20 지급 | P63: =L63-K63 -> 20000
A64: 46123 | B64: 삼구 | C64: 소노캄 고양(외국인) | D64: 기물 | F64: 샤탈(김수연) | G64: 010-3665-4100 | I64: 국민 | J64: 29250101236893 | K64: 100000 | L64: 120000 | O64: 4/20 지급 | P64: =L64-K64 -> 20000
A65: 46118 | B65: 삼구 | C65: 소노캄 고양(외국인) | D65: 기물 | F65: 소시주(김연우) | G65: 010-4111-2357 | I65: 전북 | J65: 9100054122011 | K65: 100000 | L65: 120000 | O65: 4/20 지급 | P65: =L65-K65 -> 20000
A66: 46121 | B66: 삼구 | C66: 소노캄 고양(외국인) | D66: 기물 | F66: 소시주(김연우) | G66: 010-4111-2357 | I66: 전북 | J66: 9100054122011 | K66: 100000 | L66: 120000 | O66: 4/20 지급 | P66: =L66-K66 -> 20000
A67: 46123 | B67: 삼구 | C67: 소노캄 고양(외국인) | D67: 기물 | F67: 소시주(김연우) | G67: 010-4111-2357 | I67: 전북 | J67: 9100054122011 | K67: 100000 | L67: 120000 | O67: 4/20 지급 | P67: =L67-K67 -> 20000
A68: 46124 | B68: 삼구 | C68: 소노캄 고양(외국인) | D68: 기물 | F68: 소시주(김연우) | G68: 010-4111-2357 | I68: 전북 | J68: 9100054122011 | K68: 100000 | L68: 120000 | O68: 4/20 지급 | P68: =L68-K68 -> 20000
A69: 46118 | B69: 삼구 | C69: 소노캄 고양(외국인) | D69: 기물 | F69: 졸라(이다인) | G69: 010-8094-1903 | I69: 하나 | J69: 19891034404307 | K69: 100000 | L69: 120000 | O69: 4/20 지급 | P69: =L69-K69 -> 20000
A70: 46120 | B70: 삼구 | C70: 소노캄 고양(외국인) | D70: 기물 | F70: 졸라(이다인) | G70: 010-8094-1903 | I70: 하나 | J70: 19891034404307 | K70: 100000 | L70: 120000 | O70: 4/20 지급 | P70: =L70-K70 -> 20000
A71: 46121 | B71: 삼구 | C71: 소노캄 고양(외국인) | D71: 기물 | F71: 졸라(이다인) | G71: 010-8094-1903 | I71: 하나 | J71: 19891034404307 | K71: 100000 | L71: 120000 | O71: 4/20 지급 | P71: =L71-K71 -> 20000
A72: 46122 | B72: 삼구 | C72: 소노캄 고양(외국인) | D72: 기물 | F72: 졸라(이다인) | G72: 010-8094-1903 | I72: 하나 | J72: 19891034404307 | K72: 100000 | L72: 120000 | O72: 4/20 지급 | P72: =L72-K72 -> 20000
A73: 46123 | B73: 삼구 | C73: 소노캄 고양(외국인) | D73: 기물 | F73: 졸라(이다인) | G73: 010-8094-1903 | I73: 하나 | J73: 19891034404307 | K73: 100000 | L73: 120000 | O73: 4/20 지급 | P73: =L73-K73 -> 20000
A74: 46124 | B74: 삼구 | C74: 소노캄 고양(외국인) | D74: 기물 | F74: 졸라(이다인) | G74: 010-8094-1903 | I74: 하나 | J74: 19891034404307 | K74: 100000 | L74: 120000 | O74: 4/20 지급 | P74: =L74-K74 -> 20000
A75: 46123 | B75: 삼구 | C75: 소노캄 고양(외국인) | D75: 기물 | F75: 너모카 | I75: 토스 | J75: 100208736982 | K75: 100000 | L75: 120000 | O75: 4/20 지급 | P75: =L75-K75 -> 20000
A76: 46124 | B76: 삼구 | C76: 소노캄 고양(외국인) | D76: 기물 | F76: 너모카 | I76: 토스 | J76: 100208736982 | K76: 100000 | L76: 120000 | O76: 4/20 지급 | P76: =L76-K76 -> 20000
A77: 46124 | B77: 삼구 | C77: 소노캄 고양(외국인) | D77: 기물 | F77: 김태리 | G77: 010-7788-1363 | I77: 전북 | J77: 9500021279810 | K77: 100000 | L77: 120000 | O77: 4/20 지급 | P77: =L77-K77 -> 20000
A78: 46118 | B78: 삼구 | C78: 소노캄 고양(외국인) | D78: 기물 | F78: 투야 | I78: 하나 | J78: 19891034404307 | K78: 100000 | L78: 120000 | O78: 4/20 지급 | P78: =L78-K78 -> 20000
A79: 46122 | B79: 삼구 | C79: 소노캄 고양(외국인) | D79: 기물 | F79: 투야 | I79: 하나 | J79: 19891034404307 | K79: 100000 | L79: 120000 | O79: 4/20 지급 | P79: =L79-K79 -> 20000
A80: 46123 | B80: 삼구 | C80: 소노캄 고양(외국인) | D80: 기물 | F80: 투야 | I80: 하나 | J80: 19891034404307 | K80: 100000 | L80: 120000 | O80: 4/20 지급 | P80: =L80-K80 -> 20000
A81: 46124 | B81: 삼구 | C81: 소노캄 고양(외국인) | D81: 기물 | F81: 투야 | I81: 하나 | J81: 19891034404307 | K81: 100000 | L81: 120000 | O81: 4/20 지급 | P81: =L81-K81 -> 20000
A82: 46118 | B82: 삼구 | C82: 소노캄 고양(외국인) | D82: 기물 | F82: 차키 | I82: 우리 | J82: 1002944606021 | K82: 100000 | L82: 120000 | O82: 4/20 지급 | P82: =L82-K82 -> 20000
A83: 46125 | B83: 삼구 | C83: 소노캄 고양(외국인) | D83: 기물 | F83: 김수빈 | G83: 010-9965-7441 | I83: 농협 | J83: 3522014792023 | K83: 100000 | L83: 120000 | O83: 4/24 지급 | P83: =L83-K83 -> 20000
A84: 46126 | B84: 삼구 | C84: 소노캄 고양(외국인) | D84: 기물 | F84: 김수빈 | G84: 010-9965-7441 | I84: 농협 | J84: 3522014792023 | K84: 100000 | L84: 120000 | O84: 4/24 지급 | P84: =L84-K84 -> 20000
A85: 46127 | B85: 삼구 | C85: 소노캄 고양(외국인) | D85: 기물 | F85: 김수빈 | G85: 010-9965-7441 | I85: 농협 | J85: 3522014792023 | K85: 100000 | L85: 120000 | O85: 4/24 지급 | P85: =L85-K85 -> 20000
A86: 46128 | B86: 삼구 | C86: 소노캄 고양(외국인) | D86: 기물 | F86: 김수빈 | G86: 010-9965-7441 | I86: 농협 | J86: 3522014792023 | K86: 100000 | L86: 120000 | O86: 4/24 지급 | P86: =L86-K86 -> 20000
A87: 46129 | B87: 삼구 | C87: 소노캄 고양(외국인) | D87: 기물 | F87: 김수빈 | G87: 010-9965-7441 | I87: 농협 | J87: 3522014792023 | K87: 100000 | L87: 120000 | O87: 4/24 지급 | P87: =L87-K87 -> 20000
A88: 46125 | B88: 삼구 | C88: 소노캄 고양(외국인) | D88: 기물 | F88: 김윤서 | G88: 010-8733-1338 | I88: 우리 | J88: 1002760342291 | K88: 100000 | L88: 120000 | O88: 4/24 지급 | P88: =L88-K88 -> 20000
A89: 46126 | B89: 삼구 | C89: 소노캄 고양(외국인) | D89: 기물 | F89: 김윤서 | G89: 010-8733-1338 | I89: 우리 | J89: 1002760342291 | K89: 100000 | L89: 120000 | O89: 4/24 지급 | P89: =L89-K89 -> 20000
A90: 46127 | B90: 삼구 | C90: 소노캄 고양(외국인) | D90: 기물 | F90: 김윤서 | G90: 010-8733-1338 | I90: 우리 | J90: 1002760342291 | K90: 100000 | L90: 120000 | O90: 4/24 지급 | P90: =L90-K90 -> 20000
A91: 46128 | B91: 삼구 | C91: 소노캄 고양(외국인) | D91: 기물 | F91: 김윤서 | G91: 010-8733-1338 | I91: 우리 | J91: 1002760342291 | K91: 100000 | L91: 120000 | O91: 4/24 지급 | P91: =L91-K91 -> 20000
A92: 46130 | B92: 삼구 | C92: 소노캄 고양(외국인) | D92: 기물 | F92: 김윤서 | G92: 010-8733-1338 | I92: 우리 | J92: 1002760342291 | K92: 100000 | L92: 120000 | O92: 4/24 지급 | P92: =L92-K92 -> 20000
A93: 46131 | B93: 삼구 | C93: 소노캄 고양(외국인) | D93: 기물 | F93: 김윤서 | G93: 010-8733-1338 | I93: 우리 | J93: 1002760342291 | K93: 100000 | L93: 120000 | O93: 4/24 지급 | P93: =L93-K93 -> 20000
A94: 46127 | B94: 삼구 | C94: 소노캄 고양(외국인) | D94: 기물 | F94: 아르오나(김아리) | G94: 010-9855-2211 | I94: 국민 | J94: 29250101395976 | K94: 100000 | L94: 120000 | O94: 4/24 지급 | P94: =L94-K94 -> 20000
A95: 46128 | B95: 삼구 | C95: 소노캄 고양(외국인) | D95: 기물 | F95: 아르오나(김아리) | G95: 010-9855-2211 | I95: 국민 | J95: 29250101395976 | K95: 100000 | L95: 120000 | O95: 4/24 지급 | P95: =L95-K95 -> 20000
A96: 46129 | B96: 삼구 | C96: 소노캄 고양(외국인) | D96: 기물 | F96: 아르오나(김아리) | G96: 010-9855-2211 | I96: 국민 | J96: 29250101395976 | K96: 100000 | L96: 120000 | O96: 4/24 지급 | P96: =L96-K96 -> 20000
A97: 46130 | B97: 삼구 | C97: 소노캄 고양(외국인) | D97: 기물 | F97: 아르오나(김아리) | G97: 010-9855-2211 | I97: 국민 | J97: 29250101395976 | K97: 100000 | L97: 120000 | O97: 4/24 지급 | P97: =L97-K97 -> 20000
A98: 46131 | B98: 삼구 | C98: 소노캄 고양(외국인) | D98: 기물 | F98: 아르오나(김아리) | G98: 010-9855-2211 | I98: 국민 | J98: 29250101395976 | K98: 100000 | L98: 120000 | O98: 4/24 지급 | P98: =L98-K98 -> 20000
A99: 46128 | B99: 삼구 | C99: 소노캄 고양(외국인) | D99: 기물 | F99: 더기(최다빈) | G99: 010-3254-5512 | I99: 전북 | J99: 9500020568373 | K99: 177500 | L99: 197500 | N99: 5시간 연장근무 +77,500 | O99: 4/24 지급 | P99: =L99-K99 -> 20000
A100: 46129 | B100: 삼구 | C100: 소노캄 고양(외국인) | D100: 기물 | F100: 더기(최다빈) | G100: 010-3254-5512 | I100: 전북 | J100: 9500020568373 | K100: 100000 | L100: 120000 | O100: 4/24 지급 | P100: =L100-K100 -> 20000
A101: 46125 | B101: 삼구 | C101: 소노캄 고양(외국인) | D101: 기물 | F101: 샤탈(김수연) | G101: 010-3665-4100 | I101: 국민 | J101: 29250101236893 | K101: 100000 | L101: 120000 | O101: 4/24 지급 | P101: =L101-K101 -> 20000
A102: 46126 | B102: 삼구 | C102: 소노캄 고양(외국인) | D102: 기물 | F102: 샤탈(김수연) | G102: 010-3665-4100 | I102: 국민 | J102: 29250101236893 | K102: 100000 | L102: 120000 | O102: 4/24 지급 | P102: =L102-K102 -> 20000
A103: 46127 | B103: 삼구 | C103: 소노캄 고양(외국인) | D103: 기물 | F103: 샤탈(김수연) | G103: 010-3665-4100 | I103: 국민 | J103: 29250101236893 | K103: 100000 | L103: 120000 | O103: 4/24 지급 | P103: =L103-K103 -> 20000
A104: 46128 | B104: 삼구 | C104: 소노캄 고양(외국인) | D104: 기물 | F104: 샤탈(김수연) | G104: 010-3665-4100 | I104: 국민 | J104: 29250101236893 | K104: 100000 | L104: 120000 | O104: 4/24 지급 | P104: =L104-K104 -> 20000
A105: 46129 | B105: 삼구 | C105: 소노캄 고양(외국인) | D105: 기물 | F105: 샤탈(김수연) | G105: 010-3665-4100 | I105: 국민 | J105: 29250101236893 | K105: 100000 | L105: 120000 | O105: 4/24 지급 | P105: =L105-K105 -> 20000
A106: 46130 | B106: 삼구 | C106: 소노캄 고양(외국인) | D106: 기물 | F106: 샤탈(김수연) | G106: 010-3665-4100 | I106: 국민 | J106: 29250101236893 | K106: 100000 | L106: 120000 | O106: 4/24 지급 | P106: =L106-K106 -> 20000
...

Sheet 소노캄
A1: 삼구-소노캄_룸메이드 | M1: 지급액 | N1: =SUM(K3:K9934) -> 37631740 | O1: 청구액 | P1: =SUM(L3:L9934) -> 46490140
A4: 날짜 | B4: 업체 | C4: 현장 | D4: 업무 | E4: 근무시간 | F4: 이름 | G4: 14유닛 이상 | H4: 주민번호 | I4: 은행 | J4: 계좌번호 | K4: 지급액 | L4: 청구액 | M4: 14유닛 이상(미반영)
A5: 26.04.01~04.05 | B5: 소노캄 | C5: 룸메이드 | F5: 이하나 | G5: 5 | K5: =M5-(G5*6200) -> 588040 | L5: 719040 | M5: 619040 | N5: =P12 -> SUMPRODUCT(--ISNUMBER(E6:K6), --(E6:K6>12), (E6:K6-12)*(E6:K6<13) + (E6:K6>=13)) | P5: 소노캄 룸메이드
A6: 26.04.01~04.05 | B6: 소노캄 | C6: 룸메이드 | F6: 이기숙 | G6: 5 | K6: =M6-(G6*6200) -> 609740 | L6: 740740 | M6: 640740 | P6: 근무일 25.01.05 ~
A7: 26.04.01~04.05 | B7: 소노캄 | C7: 룸메이드 | F7: 이나영 | G7: 4 | K7: =M7-(G7*6200) -> 488660 | L7: 593460 | M7: 513460 | P7: *청구 12만원
A8: 26.04.01~04.05 | B8: 소노캄 | C8: 룸메이드 | F8: 김유나 | G8: 3 | K8: =M8-(G8*6200) -> 473780 | L8: 572380 | M8: 492380 | P8: *지급 10만원
A9: 26.04.01~04.05 | B9: 소노캄 | C9: 룸메이드 | F9: 처머 | G9: 1 | K9: =M9-(G9*6200) -> 101240 | L9: 127440 | M9: 107440 | P9: *13유닛부터 +1유닛(6,200원) 자체 수익
A10: 26.04.01~04.05 | B10: 소노캄 | C10: 룸메이드 | F10: 임아리 | G10: 5 | K10: =M10-(G10*6200) -> 596100 | L10: 727100 | M10: 627100
A11: 26.04.01~04.05 | B11: 소노캄 | C11: 룸메이드 | F11: 한애네 | G11: 5 | K11: =M11-(G11*6200) -> 581220 | L11: 712220 | M11: 612220 | P11: AND(ISNUMBER(E5),E5>12) | Q11: 조건
A12: 26.04.01~04.05 | B12: 소노캄 | C12: 룸메이드 | F12: 김미라 | G12: 4 | K12: =M12-(G12*6200) -> 480600 | L12: 585400 | M12: 505400 | P12: SUMPRODUCT(--ISNUMBER(E6:K6), --(E6:K6>12), (E6:K6-12)*(E6:K6<13) + (E6:K6>=13))
A13: 26.04.01~04.05 | B13: 소노캄 | C13: 룸메이드 | F13: 한장미 | G13: 4 | K13: =M13-(G13*6200) -> 489900 | L13: 594700 | M13: 514700
A14: 26.04.01~04.05 | B14: 소노캄 | C14: 룸메이드 | F14: 이노민 | G14: 4 | K14: =M14-(G14*6200) -> 464480 | L14: 569280 | M14: 489280 | P14: *13유닛 미만건에 대해서 차감할건지 확인 - 차감안하기로 함
A15: 26.04.01~04.05 | B15: 소노캄 | C15: 룸메이드 | F15: 박은숙 | G15: 5 | K15: =M15-(G15*6200) -> 591760 | L15: 722760 | M15: 622760
A16: 26.04.01~04.05 | B16: 소노캄 | C16: 룸메이드 | F16: 절멍 | G16: 1 | K16: =M16-(G16*6200) -> 118600 | L16: 144800 | M16: 124800
A17: 26.04.01~04.05 | B17: 소노캄 | C17: 룸메이드 | F17: 투기 | G17: 4 | K17: =M17-(G17*6200) -> 562000 | L17: 686800 | M17: 586800
A18: 26.04.01~04.05 | B18: 소노캄 | C18: 룸메이드 | F18: 본자 | G18: 4 | K18: =M18-(G18*6200) -> 588660 | L18: 713460 | M18: 613460
A19: 26.04.01~04.05 | B19: 소노캄 | C19: 룸메이드 | F19: 이수지 | G19: 1 | K19: =M19-(G19*6200) -> 117980 | L19: 144180 | M19: 124180
A20: 26.04.01~04.05 | B20: 소노캄 | C20: 룸메이드 | F20: 김세인 | G20: 0 | K20: =M20-(G20*6200) -> 98760 | L20: 118760 | M20: 98760
A21: 26.04.01~04.05 | B21: 소노캄 | C21: 룸메이드 | F21: 유빈 | G21: 1 | K21: =M21-(G21*6200) -> 126040 | L21: 152240 | M21: 132240
A22: 26.04.01~04.05 | B22: 소노캄 | C22: 룸메이드 | F22: 아치 | G22: 1 | K22: =M22-(G22*6200) -> 102480 | L22: 128680 | M22: 108680
A23: 26.04.01~04.05 | B23: 소노캄 | C23: 룸메이드 | F23: 미나 | G23: 1 | K23: =M23-(G23*6200) -> 134100 | L23: 160300 | M23: 140300
A24: 26.04.01~04.05 | B24: 소노캄 | C24: 룸메이드 | F24: 우레 | G24: 2 | K24: =M24-(G24*6200) -> 337820 | L24: 410220 | M24: 350220
A25: 26.04.01~04.05 | B25: 소노캄 | C25: 룸메이드 | F25: 강인운 | G25: 4 | K25: =M25-(G25*6200) -> 571920 | L25: 696720 | M25: 596720
A26: 26.04.01~04.05 | B26: 소노캄 | C26: 룸메이드 | F26: 김서라 | G26: 1 | K26: =M26-(G26*6200) -> 125420 | L26: 151620 | M26: 131620
... A125: 26.04.13~04.19 | B125: 소노캄 | C125: 룸메이드 | F125: 나미 | G125: 0 | K125: =M125-(G125*6200) -> 100620 | L125: 120620 | M125: 100620
A126: 26.04.13~04.19 | B126: 소노캄 | C126: 룸메이드 | F126: 유정화 | K126: 0 | L126: 370000 | M126: 0 | N126: 채움으로 지급 진행 / 정산만 휴먼
A127: 26.04.13~04.19 | B127: 소노캄 | C127: 룸메이드 | F127: 정현주 | K127: 0 | L127: 240000 | M127: 0 | N127: 채움으로 지급 진행 / 정산만 휴먼

Sheet 소노캄_런드리
A1: 삼구-소노캄 런드리
N3: 지급액 | O3: =SUM(K3:K9967) -> 3200000 | P3: 청구액 | Q3: =SUM(L3:L9967) -> 3840000
A4: 날짜 | B4: 업체 | C4: 현장 | D4: 업무 | E4: 근무시간 | F4: 이름 | G4: 근무일수 | H4: 주민등록번호 | I4: 은행 | J4: 계좌번호 | K4: 지급액 | L4: 청구액 | M4: 차액
A5: 26.04.01~04.05 | B5: 삼구 | C5: 소노캄 | D5: 런드리 | F5: 보라 | G5: 4 | K5: =G5*100000 -> 400000 | L5: =120000*G5 -> 480000 | M5: =L5-K5 -> 80000 | P5: 소노캄 기물, 런드리
A6: 26.04.01~04.05 | B6: 삼구 | C6: 소노캄 | D6: 런드리 | F6: 너마 | G6: 3 | K6: =G6*100000 -> 300000 | L6: =120000*G6 -> 360000 | M6: =L6-K6 -> 60000 | P6: *청구 11만원
A7: 26.04.01~04.05 | B7: 삼구 | C7: 소노캄 | D7: 런드리 | F7: 아리 | G7: 1 | K7: =G7*100000 -> 100000 | L7: =120000*G7 -> 120000 | M7: =L7-K7 -> 20000 | P7: *지급 10만원
A8: 26.04.06~04.12 | B8: 삼구 | C8: 소노캄 | D8: 런드리 | F8: 보라 | G8: 6 | K8: =G8*100000 -> 600000 | L8: =120000*G8 -> 720000 | M8: =L8-K8 -> 120000
A9: 26.04.06~04.12 | B9: 삼구 | C9: 소노캄 | D9: 런드리 | F9: 너마 | G9: 4 | K9: =G9*100000 -> 400000 | L9: =120000*G9 -> 480000 | M9: =L9-K9 -> 80000
A10: 26.04.13~04.19 | B10: 삼구 | C10: 소노캄 | D10: 런드리 | F10: 보라 | G10: 3 | K10: =G10*100000 -> 300000 | L10: =120000*G10 -> 360000 | M10: =L10-K10 -> 60000
A11: 26.04.13~04.19 | B11: 삼구 | C11: 소노캄 | D11: 런드리 | F11: 한강 | G11: 1 | K11: =G11*100000 -> 100000 | L11: =120000*G11 -> 120000 | M11: =L11-K11 -> 20000
A12: 26.04.13~04.19 | B12: 삼구 | C12: 소노캄 | D12: 런드리 | F12: 조기영 | G12: 4 | K12: =G12*100000 -> 400000 | L12: =120000*G12 -> 480000 | M12: =L12-K12 -> 80000
A13: 26.04.13~04.19 | B13: 삼구 | C13: 소노캄 | D13: 런드리 | F13: 너마 | G13: 6 | K13: =G13*100000 -> 600000 | L13: =120000*G13 -> 720000 | M13: =L13-K13 -> 120000
K14: =G14*100000 -> 0 | L14: =120000*G14 -> 0 | M14: =L14-K14 -> 0
K15: =G15*100000 -> 0 | L15: =120000*G15 -> 0 | M15: =L15-K15 -> 0
K16: =G16*100000 -> 0 | L16: =120000*G16 -> 0 | M16: =L16-K16 -> 0
K17: =G17*100000 -> 0 | L17: =120000*G17 -> 0 | M17: =L17-K17 -> 0
K18: =G18*100000 -> 0 | L18: =120000*G18 -> 0 | M18: =L18-K18 -> 0
K19: =G19*100000 -> 0 | L19: =120000*G19 -> 0 | M19: =L19-K19 -> 0
K20: =G20*100000 -> 0 | L20: =120000*G20 -> 0 | M20: =L20-K20 -> 0
K21: =G21*100000 -> 0 | L21: =120000*G21 -> 0 | M21: =L21-K21 -> 0
K22: =G22*100000 -> 0 | L22: =120000*G22 -> 0 | M22: =L22-K22 -> 0
K23: =G23*100000 -> 0 | L23: =120000*G23 -> 0 | M23: =L23-K23 -> 0
K24: =G24*100000 -> 0 | L24: =120000*G24 -> 0 | M24: =L24-K24 -> 0
K25: =G25*100000 -> 0 | L25: =120000*G25 -> 0 | M25: =L25-K25 -> 0
... K31: =G31*100000 -> 0 | L31: =120000*G31 -> 0 | M31: =L31-K31 -> 0

Sheet 포시
A1: (주)프로에스콤-포시즌스 | M1: 지급액 | N1: =SUM(K3:K9971) -> 11131800 | P1: 청구액 | Q1: =SUM(L3:L9971) -> 12466800
A4: 날짜 | B4: 업체 | C4: 현장 | D4: 업무 | E4: 근무시간 | F4: 이름 | G4: 근무일수 | H4: 주민등록번호 | I4: 은행 | J4: 계좌번호 | K4: 지급액 | L4: 청구액 | M4: 차액 | N4: 입금일
A5: 26.04.01~04.12 | B5: 프로에스콤 | C5: 포시즌스 | D5: 룸메이드 | F5: 다리아 | I5: 우리 | J5: 1002463579165 | K5: 1565500 | L5: 1730500 | M5: =L5-K5 -> 165000 | N5: 4/20 지급
A6: 26.04.01~04.12 | B6: 프로에스콤 | C6: 포시즌스 | D6: 룸메이드 | F6: 버기 | I6: 토스 | J6: 100067464939 | K6: 1704200 | L6: 1884200 | M6: =L6-K6 -> 180000 | N6: 4/20 지급
A7: 26.04.01~04.12 | B7: 프로에스콤 | C7: 포시즌스 | D7: 룸메이드 | F7: 자야 | I7: 토스 | J7: 100202869707 | K7: 991000 | L7: 1096000 | M7: =L7-K7 -> 105000 | N7: 4/20 지급
A8: 26.04.01~04.12 | B8: 프로에스콤 | C8: 포시즌스 | D8: 룸메이드 | F8: 사라 | I8: 토스 | J8: 100125746909 | K8: 1433100 | L8: 1598100 | M8: =L8-K8 -> 165000 | N8: 4/20 지급
A9: 26.04.01~04.12 | B9: 프로에스콤 | C9: 포시즌스 | D9: 룸메이드 | F9: 오양가 | I9: 국민 | J9: 04840204367673 | K9: 1038000 | L9: 1158000 | M9: =L9-K9 -> 120000 | N9: 4/20 지급
A10: 26.04.01~04.12 | B10: 프로에스콤 | C10: 포시즌스 | D10: 룸메이드 | F10: 미나 | I10: 경남 | J10: 8010457913439 | K10: 770000 | L10: 875000 | M10: =L10-K10 -> 105000 | N10: 4/20 지급
A11: 26.04.01~04.12 | B11: 프로에스콤 | C11: 포시즌스 | D11: 배딩조 | F11: 절버 | I11: 우리 | J11: 1002466281395 | K11: 1210000 | L11: 1375000 | M11: =L11-K11 -> 165000 | N11: 4/20 지급
A12: 26.04.01~04.12 | B12: 프로에스콤 | C12: 포시즌스 | D12: 배딩조 | F12: 가나 | I12: 국민 | J12: 22930104344308 | K12: 1100000 | L12: 1250000 | M12: =L12-K12 -> 150000 | N12: 4/20 지급
A13: 26.04.01~04.12 | B13: 프로에스콤 | C13: 포시즌스 | D13: 배딩조 | F13: 주영 | I13: 전북 | J13: 9201032310249 | K13: 990000 | L13: 1125000 | M13: =L13-K13 -> 135000 | N13: 4/20 지급
A14: 26.04.01~04.12 | B14: 프로에스콤 | C14: 포시즌스 | D14: 배딩조 | F14: 도쿠 | I14: 전북 | J14: 9100052891829 | K14: 220000 | L14: 250000 | M14: =L14-K14 -> 30000 | N14: 4/20 지급
A15: 26.04.01~04.12 | B15: 프로에스콤 | C15: 포시즌스 | D15: 배딩조 | F15: 자야2 | I15: 국민 | J15: 22930104344308 | K15: 110000 | L15: 125000 | M15: =L15-K15 -> 15000 | N15: 4/20 지급

Sheet 부산파크
A1: (주)프로에스콤-포시즌스 | N1: 지급액 | O1: =SUM(K1:K9959) -> 350000 | Q1: 청구액 | R1: =SUM(L1:L9959) -> 425000
A2: 날짜 | B2: 업체 | C2: 현장 | D2: 업무 | E2: 근무시간 | F2: 이름 | G2: 근무일수 | H2: 주민등록번호 | I2: 은행 | J2: 계좌번호 | K2: 지급액 | L2: 청구액 | M2: 차액 | N2: 입금일
A3: 26.04.01~04.06 | B3: 프로에스콤 | C3: 파크하얏트 부산 | D3: 룸메이드 | F3: 마야 | I3: 부산 | J3: 1122198905106 | K3: 350000 | L3: 425000 | M3: =L3-K3 -> 75000 | N3: 4/25 지급

Sheet 시그니엘
A1: (주)프로에스콤-시그니엘 | N1: 지급액 | O1: =SUM(K1:K9969) -> 0 | Q1: 청구액 | R1: =SUM(L1:L9969) -> 0
A2: 날짜 | B2: 업체 | C2: 현장 | D2: 업무 | E2: 근무시간 | F2: 이름 | G2: 근무일수 | H2: 주민등록번호 | I2: 은행 | J2: 계좌번호 | K2: 지급액 | L2: 청구액 | M2: 차액 | N2: 입금일
